date_sampled,date_brix,vineyard,block,row,plantID,brix,labMember,notes
2020/08/26,2020/09/02,Quails Gate Estate,6-1,40,679,9.4,Geoff,
2020/08/26,2020/09/02,Quails Gate Estate,6-1,40,680,10.2,Geoff,
2020/08/26,2020/09/02,Quails Gate Estate,4-6,10,775,9.6,Geoff,
2020/08/26,2020/09/02,Quails Gate Estate,4-6,11,772,6.9,Geoff,
2020/08/25,2020/09/02,NKMIP,C,28,310,16.7,Geoff,
2020/08/25,2020/09/02,NKMIP,C,28,311,16.8,Geoff,
2020/08/25,2020/09/02,NKMIP,C,28,312,17.1,Geoff,
2020/08/26,2020/09/02,Quails Gate Estate,5-4,34,653,10.4,Geoff,
2020/08/25,2020/09/02,Dark Horse,G,10,454,22,Geoff,
2020/08/25,2020/09/02,Dark Horse,E,3,958,19.8,Geoff,
2020/08/25,2020/09/02,Dark Horse,J,7,907,14.6,Geoff,
2020/08/25,2020/09/02,Dark Horse,J,7,908,12.4,Geoff,
2020/08/25,2020/09/02,Dark Horse,J,7,909,16,Geoff,
2020/08/25,2020/09/02,Dark Horse,J,7,910,14,Geoff,
2020/08/25,2020/09/02,Dark Horse,J,8,901,14,Geoff,
2020/08/25,2020/09/02,Dark Horse,J,8,902,14.3,Geoff,
2020/08/25,2020/09/02,Dark Horse,J,8,903,14.5,Geoff,
2020/08/25,2020/09/02,Dark Horse,G,11,446,18.3,Geoff,
2020/08/25,2020/09/02,Dark Horse,G,11,449,16.4,Geoff,
2020/08/25,2020/09/02,Dark Horse,G,11,450,20.9,Geoff,
2020/08/26,2020/09/02,Quails Gate Estate,6-1,54,697,8.9,Geoff,
2020/08/26,2020/09/02,Quails Gate Estate,5-4,33,663,4.7,Geoff,
2020/08/26,2020/09/02,Quails Gate Estate,6-1,41,677,11.3,Geoff,
2020/08/26,2020/09/02,Quails Gate Estate,6-1,41,676,10.6,Geoff,
2020/08/26,2020/09/02,Quails Gate Estate,4-8,15,717,11.9,Geoff,
2020/08/25,2020/09/02,Dark Horse,E,3,957,15.8,fj,
2020/08/25,2020/09/02,NKMIP,G,44,333,17.1,fj,
2020/08/25,2020/09/02,McIntyre,E,43,560,15.4,fj,
2020/08/25,2020/09/02,McIntyre,E,43,561,16.2,fj,
2020/08/25,2020/09/02,McIntyre,E,43,562,17.7,fj,
2020/08/25,2020/09/02,McIntyre,E,44,555,15.1,fj,
2020/08/25,2020/09/02,McIntyre,E,44,556,16,fj,
2020/08/25,2020/09/02,McIntyre,J,109,273,14,fj,
2020/08/25,2020/09/02,McIntyre,J,109,272,14.7,fj,
2020/08/25,2020/09/02,McIntyre,J,109,271,12.6,fj,
2020/08/25,2020/09/02,McIntyre,J,110,270,15,fj,
2020/08/25,2020/09/02,McIntyre,J,110,269,15.8,fj,
2020/08/25,2020/08/31,NKMIP,F,5,398,17.5,PA,
2020/08/25,2020/08/31,NKMIP,F,5,399,17.1,PA,
2020/08/25,2020/08/31,NKMIP,G,21,352,18,PA,
2020/08/25,2020/08/31,NKMIP,C,28,300,16,PA,
2020/08/25,2020/08/31,NKMIP,F,5,402,18,PA,
2020/08/25,2020/08/31,NKMIP,G,21,353,16.3,PA,
2020/08/25,2020/08/31,NKMIP,C,28,299,13.2,PA,
2020/08/25,2020/08/31,NKMIP,F,5,401,17.4,PA,
2020/08/25,2020/08/31,NKMIP,F,6,408,18.5,PA,
2020/08/25,2020/08/31,NKMIP,F,6,406,17.2,PA,
2020/08/25,2020/08/31,NKMIP,F,6,405,19.5,PA,
2020/08/25,2020/08/31,NKMIP,F,6,403,19.2,PA,
2020/08/25,2020/08/31,McIntyre,E,11,547,12.7,PA,
2020/08/25,2020/08/31,McIntyre,C,38,492,15.1,PA,
2020/08/25,2020/08/31,McIntyre,E,11,548,12.2,PA,
2020/08/25,2020/08/31,McIntyre,C,39,485,15.1,PA,
2020/08/25,2020/08/31,McIntyre,C,38,491,14.9,PA,cluster 1 small
2020/08/25,2020/08/31,McIntyre,C,39,486,15.2,PA,
2020/08/25,2020/08/31,McIntyre,C,38,489,16.5,PA,
2020/08/25,2020/08/31,McIntyre,C,38,490,16.5,PA,
2020/08/25,2020/08/31,NKMIP,G,22,355,14.3,PA,
2020/08/25,2020/08/31,NKMIP,G,22,356,13.1,PA,
2020/08/25,2020/08/31,NKMIP,G,22,357,16.5,PA,
2020/08/25,2020/08/31,NKMIP,G,22,358,17.1,PA,
2020/08/25,2020/08/31,NKMIP,G,22,360,17.5,PA,
2020/08/25,2020/08/31,McIntyre,E,11,551,13.8,PA,
2020/08/25,2020/08/31,McIntyre,E,11,550,11.1,PA,
2020/08/25,2020/08/31,McIntyre,E,11,552,12.6,PA,
2020/08/25,2020/08/31,McIntyre,E,11,549,14.7,PA,
2020/08/25,2020/08/31,McIntyre,E,12,542,14.1,PA,
2020/08/25,2020/08/31,McIntyre,E,12,543,15.6,PA,
2020/08/25,2020/08/31,McIntyre,C,39,484,16.9,PA,
2020/08/25,2020/08/31,McIntyre,C,39,483,15.6,PA,
2020/08/25,2020/08/31,McIntyre,E,12,545,15.6,PA,
2020/08/25,2020/08/31,McIntyre,E,12,544,12.2,PA,
2020/08/25,2020/08/31,McIntyre,C,38,473,16.8,PA,
2020/08/25,2020/08/31,McIntyre,E,12,546,12.5,PA,
2020/08/25,2020/08/31,NKMIP,F,6,404,18,PA,
2020/08/26,2020/08/31,Quails Gate Estate,2-1,14,615,12.2,PA,
2020/08/26,2020/08/31,Quails Gate Estate,1-6,54,581,12.6,PA,
2020/08/26,2020/08/31,Quails Gate Estate,1-6,54,582,14.5,PA,
2020/08/26,2020/08/31,Quails Gate Estate,2-1,13,624,10.9,PA,
2020/08/26,2020/08/31,Quails Gate Estate,1-6,55,588,12.6,PA,
2020/08/26,2020/08/31,Quails Gate Estate,2-1,13,619,6.3,PA,
2020/08/26,2020/08/31,Quails Gate Estate,2-1,14,614,13.4,PA,
2020/08/26,2020/08/31,Quails Gate Estate,2-1,13,622,10,PA,
2020/08/26,2020/08/31,Quails Gate Estate,2-1,13,623,8.1,PA,
2020/08/26,2020/08/31,Quails Gate Estate,2-1,14,618,9.7,PA,
2020/08/26,2020/08/31,Quails Gate Estate,2-1,13,621,12.6,PA,
2020/08/26,2020/08/31,Quails Gate Estate,2-1,14,617,13.3,PA,
2020/08/26,2020/08/31,Quails Gate Estate,2-1,14,616,10.6,PA,
2020/08/25,2020/08/31,NKMIP,G,21,350,18.8,PA,
2020/08/25,2020/08/31,NKMIP,C,29,294,12.7,PA,
2020/08/25,2020/08/31,NKMIP,F,5,397,19.1,PA,position 1 moved flag to adjacent cluster on opposite arm
2020/08/25,2020/08/31,Dark Horse,1,27,976,13.6,PA,
2020/08/25,2020/08/31,NKMIP,G,45,330,17.5,PA,
2020/08/25,2020/08/31,NKMIP,G,44,335,15.1,PA,
2020/08/25,2020/08/31,NKMIP,G,44,334,17.9,PA,
2020/08/25,2020/08/31,NKMIP,G,45,325,15.7,PA,
2020/08/25,2020/08/31,NKMIP,G,45,328,15,PA,
2020/08/25,2020/08/31,NKMIP,G,45,327,16,PA,
2020/08/25,2020/08/31,NKMIP,G,44,336,17,PA,
2020/08/25,2020/08/31,NKMIP,G,45,326,16.8,PA,
2020/08/25,2020/08/31,NKMIP,G,45,329,16.8,PA,
2020/08/25,2020/08/31,NKMIP,B,53,372,16.7,PA,
2020/08/25,2020/08/31,NKMIP,F,6,407,17.6,PA,
2020/08/25,2020/08/31,Dark Horse,J,7,915,15.5,PA,
2020/08/25,2020/08/31,Dark Horse,G,4,429,15,PA,
2020/08/25,2020/08/31,Dark Horse,G,4,428,15.6,PA,
2020/08/25,2020/08/31,Dark Horse,G,4,432,18.9,PA,
2020/08/25,2020/08/31,Dark Horse,G,4,431,17.5,PA,
2020/08/25,2020/08/31,Dark Horse,G,4,430,20.2,PA,
2020/08/25,2020/08/31,Dark Horse,G,5,424,12.3,PA,
2020/08/25,2020/08/31,Dark Horse,G,5,423,16.6,PA,
2020/08/25,2020/08/31,Dark Horse,G,5,422,21.2,PA,
2020/08/25,2020/08/31,Dark Horse,G,5,425,19.2,PA,
2020/08/25,2020/08/31,Dark Horse,G,5,426,18.5,PA,
2020/08/26,2020/08/31,Quails Gate Estate,1-6,55,585,13.6,PA,
2020/08/26,2020/08/31,Quails Gate Estate,1-6,55,586,16,PA,
2020/08/26,2020/08/31,Quails Gate Estate,1-6,55,587,14.7,PA,
2020/08/26,2020/08/31,Quails Gate Estate,6-1,41,675,9.1,PA,
2020/08/26,2020/08/31,Quails Gate Estate,5-4,34,651,14,PA,
2020/08/26,2020/08/31,Quails Gate Estate,3-4b,56,806,13.9,PA,
2020/08/26,2020/08/31,Quails Gate Estate,3-4b,55,813,13.9,PA,
2020/08/26,2020/08/31,Quails Gate Estate,3-4b,55,812,12,PA,
2020/08/26,2020/08/31,Quails Gate Estate,3-4b,56,808,12.6,PA,
2020/08/26,2020/08/31,Quails Gate Estate,3-4b,56,807,11.9,PA,
2020/08/26,2020/08/31,Quails Gate Estate,3-4b,56,805,13.4,PA,
2020/08/26,2020/08/31,Quails Gate Estate,1-6,55,584,16.2,PA,
2020/08/26,2020/08/31,Quails Gate Estate,1-6,55,583,15.5,PA,
2020/08/26,2020/08/31,Quails Gate Estate,1-6,54,577,13.1,PA,
2020/08/26,2020/08/31,Quails Gate Estate,1-6,54,578,16.4,PA,
2020/08/25,2020/08/31,Dark Horse,J,7,916,15.5,PA,
2020/08/26,2020/08/31,Mannhardt,8-8,5,858,12.8,PA,
2020/08/26,2020/08/31,Mannhardt,8-8,6,843,15.5,PA,
2020/08/26,2020/08/31,Mannhardt,8-8,6,844,10.7,PA,
2020/08/26,2020/08/31,Mannhardt,8-8,6,839,12.9,PA,
2020/08/26,2020/08/31,Mannhardt,8-8,5,845,14.4,PA,
2020/08/26,2020/08/31,Mannhardt,8-8,6,854,10.9,PA,
2020/08/26,2020/08/31,Mannhardt,8-8,5,857,13,PA,
2020/08/26,2020/08/31,Mannhardt,8-8,5,860,12.9,PA,
2020/08/26,2020/08/31,Mannhardt,8-8,5,861,11.7,PA,
2020/08/26,2020/08/31,Mannhardt,8-8,5,859,13.9,PA,
2020/08/26,2020/08/31,Mannhardt,8-8,5,862,15.1,PA,
2020/08/26,2020/08/31,Mannhardt,8-8,6,855,15.3,PA,
2020/08/26,2020/08/31,Mannhardt,8-8,6,852,12.5,PA,
2020/08/26,2020/08/31,Mannhardt,8-8,6,851,13.4,PA,
2020/08/26,2020/08/31,Mannhardt,8-8,6,856,11.6,PA,
2020/08/26,2020/08/31,Mannhardt,8-6,2,820,4.1,PA,
2020/08/26,2020/08/31,Mannhardt,8-6,2,838,5.4,PA,
2020/08/26,2020/08/31,Quails Gate Estate,2-1,30,641,12.3,PA,
2020/08/26,2020/08/31,Quails Gate Estate,2-1,30,640,12,PA,
2020/08/26,2020/08/31,Quails Gate Estate,2-1,30,639,10.7,PA,
2020/08/26,2020/08/31,Quails Gate Estate,2-1,29,648,11.7,PA,
2020/08/26,2020/08/31,Quails Gate Estate,2-1,30,642,9.2,PA,
2020/08/26,2020/08/31,Quails Gate Estate,2-1,29,647,10.3,PA,
2020/08/26,2020/08/31,Quails Gate Estate,2-1,29,646,9.7,PA,
2020/08/26,2020/08/31,Quails Gate Estate,2-1,14,613,13.2,PA,
2020/08/26,2020/08/31,Quails Gate Estate,2-1,29,643,16.4,PA,
2020/08/26,2020/08/31,Quails Gate Estate,1-6,54,580,16.1,PA,
2020/08/26,2020/08/31,Quails Gate Estate,1-6,48,603,15.8,PA,
2020/08/25,2020/08/31,NKMIP,B,54,364,15.7,PA,
2020/08/25,2020/08/31,NKMIP,B,54,363,15.4,PA,
2020/08/25,2020/08/31,NKMIP,B,54,362,17.3,PA,
2020/08/25,2020/08/31,NKMIP,B,54,361,16,PA,
2020/08/25,2020/08/31,NKMIP,B,54,365,15.5,PA,
2020/08/25,2020/08/31,Dark Horse,E,5,924,19.1,PA,
2020/08/25,2020/09/01,NKMIP,B,54,366,16.4,PA,
2020/08/25,2020/09/01,NKMIP,B,53,371,15,PA,
2020/08/25,2020/09/01,NKMIP,B,53,369,13.8,PA,
2020/08/25,2020/09/01,NKMIP,B,53,370,16.4,PA,
2020/08/25,2020/09/01,NKMIP,G,44,331,15,PA,
2020/08/25,2020/09/01,NKMIP,G,44,332,18.6,PA,
2020/08/25,2020/09/01,NKMIP,B,53,367,16.1,PA,
2020/08/25,2020/09/01,NKMIP,B,53,368,16.9,PA,
2020/08/25,2020/09/01,NKMIP,B,18,385,16.2,PA,
2020/08/25,2020/09/01,NKMIP,B,18,386,14.4,PA,
2020/08/25,2020/09/01,NKMIP,B,18,387,17.4,PA,
2020/08/25,2020/09/01,NKMIP,B,18,388,17.8,PA,
2020/08/25,2020/09/01,NKMIP,B,18,389,16.5,PA,
2020/08/25,2020/09/01,NKMIP,B,18,390,17.9,PA,
2020/08/25,2020/09/01,NKMIP,C,29,291,12.7,PA,
2020/08/26,2020/09/01,Quails Gate Estate,6-1,40,684,11.7,PA,
2020/08/26,2020/09/01,Quails Gate Estate,4-6,10,759,5.4,PA,
2020/08/26,2020/09/01,Quails Gate Estate,4-8,15,718,11,PA,
2020/08/25,2020/09/01,Dark Horse,G,10,455,20.8,PA,
2020/08/26,2020/09/01,Quails Gate Estate,4-6,11,766,5.2,PA,
2020/08/26,2020/09/01,Quails Gate Estate,4-6,11,765,4.8,PA,
2020/08/26,2020/09/01,Quails Gate Estate,4-6,10,757,5,PA,
2020/08/26,2020/09/01,Quails Gate Estate,3-3,20,742,14,PA,
2020/08/26,2020/09/01,Quails Gate Estate,3-4b,56,798,9.8,PA,
2020/08/26,2020/09/01,Quails Gate Estate,3-3,19,749,14.3,PA,
2020/08/26,2020/09/01,Quails Gate Estate,3-4b,55,801,13.2,PA,
2020/08/26,2020/09/01,Quails Gate Estate,3-4b,55,802,12.9,PA,
2020/08/25,2020/09/01,Dark Horse,J,7,913,16.5,PA,
2020/08/25,2020/09/01,Dark Horse,J,7,914,17.2,PA,
2020/08/25,2020/09/01,Dark Horse,1,26,980,12.3,PA,cluster 3 moved flog to adjacent cane
2020/08/25,2020/09/01,McIntyre,A,11,512,9,PA,
2020/08/25,2020/09/01,McIntyre,A,10,510,10,PA,
2020/08/25,2020/09/01,NKMIP,C,29,293,14.8,PA,
2020/08/25,2020/09/01,McIntyre,A,31,518,9.2,PA,
2020/08/25,2020/09/01,McIntyre,A,31,517,9.1,PA,
2020/08/25,2020/09/01,McIntyre,E,12,541,15.3,PA,
2020/08/25,2020/09/01,McIntyre,A,11,511,8.3,PA,
2020/08/26,2020/09/01,Quails Gate Estate,3-3,19,738,13.6,PA,
2020/08/26,2020/09/01,Quails Gate Estate,3-3,20,755,18.2,PA,
2020/08/26,2020/09/01,Quails Gate Estate,3-3,19,737,12.2,PA,
2020/08/26,2020/09/01,Quails Gate Estate,3-3,20,743,10.9,PA,
2020/08/26,2020/09/01,Quails Gate Estate,3-3,19,750,13.4,PA,
2020/08/26,2020/09/01,Quails Gate Estate,3-3,20,754,13,PA,
2020/08/26,2020/09/01,Quails Gate Estate,3-3,19,747,14.5,PA,
2020/08/26,2020/09/01,Quails Gate Estate,3-3,19,735,11.2,PA,
2020/08/26,2020/09/01,Quails Gate Estate,3-3,19,736,12.8,PA,
2020/08/26,2020/09/01,Quails Gate Estate,4-8,15,719,9.9,PA,
2020/08/25,2020/09/01,Dark Horse,1,26,981,9.5,PA,cluster 1 moved to adjacent cane
2020/08/25,2020/09/01,Dark Horse,1,26,979,15,PA,
2020/08/25,2020/09/01,Dark Horse,1,27,962,15.3,PA,
2020/08/25,2020/09/01,Dark Horse,J,8,921,18.1,PA,
2020/08/25,2020/09/01,Dark Horse,J,8,922,19.4,PA,
2020/08/25,2020/09/01,Dark Horse,J,8,920,16,PA,
2020/08/25,2020/09/01,Dark Horse,1,27,973,16.3,PA,
2020/08/25,2020/09/01,Dark Horse,1,27,975,13.9,PA,
2020/08/26,2020/09/01,Quails Gate Estate,4-6,11,768,10.8,PA,
2020/08/26,2020/09/01,Quails Gate Estate,4-5,34,672,7,PA,
2020/08/26,2020/09/01,Quails Gate Estate,5-4,34,671,12.4,PA,
2020/08/26,2020/09/01,Quails Gate Estate,1-6,49,609,9.2,PA,
2020/08/26,2020/09/01,Quails Gate Estate,1-6,49,610,17.4,PA,
2020/08/26,2020/09/01,Mannhardt,8-6,3,828,5.3,PA,
2020/08/26,2020/09/01,Mannhardt,8-6,3,829,5.1,PA,
2020/08/26,2020/09/01,Mannhardt,8-6,3,827,5.8,PA,
2020/08/26,2020/09/01,Mannhardt,8-6,2,837,5.8,PA,
2020/08/26,2020/09/01,Mannhardt,8-6,2,836,5.9,PA,
2020/08/26,2020/09/01,Mannhardt,8-6,2,835,5.3,PA,
2020/08/26,2020/09/01,Mannhardt,8-6,2,834,5,PA,
2020/08/26,2020/09/01,Mannhardt,8-8,5,850,16.7,PA,
2020/08/26,2020/09/01,Mannhardt,8-8,5,849,14.3,PA,
2020/08/26,2020/09/01,Mannhardt,8-8,5,848,14.3,PA,
2020/08/26,2020/09/01,Mannhardt,8-8,5,847,14.2,PA,
2020/08/26,2020/09/01,Mannhardt,8-8,5,846,13.2,PA,
2020/08/26,2020/09/01,Mannhardt,8-6,2,833,5.1,PA,cluster 3 small
2020/08/26,2020/09/01,Mannhardt,8-6,3,832,5.7,PA,
2020/08/26,2020/09/01,Mannhardt,8-6,3,831,5.4,PA,
2020/08/26,2020/09/01,Mannhardt,8-6,3,830,5.3,PA,
2020/08/26,2020/09/01,Quails Gate Estate,5-4,33,660,12.7,PA,
2020/08/26,2020/09/01,Quails Gate Estate,5-4,34,670,7.1,PA,
2020/08/26,2020/09/01,Quails Gate Estate,5-4,34,669,7.9,PA,
2020/08/26,2020/09/01,Quails Gate Estate,6-1,41,673,6.7,PA,
2020/08/26,2020/09/01,Quails Gate Estate,5-4,34,654,14.1,PA,
2020/08/26,2020/09/01,Mannhardt,9-1,15,871,6.8,PA,
2020/08/26,2020/09/01,Mannhardt,9-1,15,870,6.1,PA,
2020/08/26,2020/09/01,Mannhardt,9-1,15,869,5.7,PA,
2020/08/26,2020/09/01,Mannhardt,9-1,14,863,5,PA,
2020/08/26,2020/09/01,Mannhardt,9-1,14,864,5,PA,
2020/08/26,2020/09/01,Mannhardt,9-1,14,865,6.3,PA,
2020/08/26,2020/09/01,Mannhardt,9-1,14,868,5.2,PA,
2020/08/26,2020/09/01,Mannhardt,9-1,14,866,5.2,PA,
2020/08/26,2020/09/01,Mannhardt,8-6,2,817,7,PA,
2020/08/26,2020/09/01,Mannhardt,8-8,6,853,14.1,PA,
2020/08/26,2020/09/01,Mannhardt,8-6,2,816,4.7,PA,
2020/08/26,2020/09/01,Mannhardt,8-6,2,818,6.6,PA,
2020/08/26,2020/09/01,Mannhardt,9-1,15,874,7.2,PA,
2020/08/26,2020/09/01,Mannhardt,9-1,15,873,7.3,PA,
2020/08/26,2020/09/01,Mannhardt,9-1,15,872,6.1,PA,
2020/08/26,2020/09/01,Quails Gate Estate,5-4,33,659,11.7,PA,
2020/08/26,2020/09/01,Quails Gate Estate,5-4,33,658,13.5,PA,
2020/08/26,2020/09/01,Quails Gate Estate,3-4b,55,814,11,PA,
2020/08/26,2020/09/01,Quails Gate Estate,3-3,20,753,16.1,PA,
2020/08/26,2020/09/01,Quails Gate Estate,6-1,54,699,11.1,PA,
2020/08/26,2020/09/01,Quails Gate Estate,1-6,54,579,16.5,PA,
2020/08/26,2020/09/01,Quails Gate Estate,2-1,29,645,12,PA,
2020/08/26,2020/09/01,Quails Gate Estate,2-1,29,644,10.1,PA,pos. #3 moved flag sm high cluster 
2020/08/26,2020/09/01,Quails Gate Estate,1-6,48,606,13.1,PA,
2020/08/26,2020/09/01,Quails Gate Estate,4-8,16,712,12.1,PA,
2020/08/26,2020/09/01,Quails Gate Estate,3-3,20,741,14.6,PA,
2020/08/26,2020/09/01,Quails Gate Estate,4-8,16,714,11.5,PA,
2020/08/26,2020/09/01,Quails Gate Estate,6-1,54,701,12.8,PA,
2020/08/26,2020/09/01,Quails Gate Estate,3-3,19,748,15.5,PA,
2020/08/26,2020/09/01,Quails Gate Estate,3-3,20,756,16.5,PA,
2020/08/26,2020/09/01,Quails Gate Estate,2-1,30,637,6.9,PA,
2020/08/26,2020/09/01,Mannhardt,8-6,2,815,5.7,PA,
2020/08/26,2020/09/01,Mannhardt,9-1,14,867,5.8,PA,
2020/08/25,2020/09/01,McIntyre,J,109,275,14.8,PA,
2020/08/25,2020/09/01,McIntyre,J,109,276,14.7,PA,
2020/08/25,2020/09/01,McIntyre,C,39,479,16.7,PA,
2020/08/25,2020/09/01,McIntyre,C,39,478,13.4,PA,
2020/08/25,2020/09/01,McIntyre,C,39,480,15.8,PA,
2020/08/25,2020/09/01,McIntyre,J,109,274,14,PA,
2020/08/25,2020/09/01,McIntyre,A,30,523,9.3,PA,
2020/08/25,2020/09/01,McIntyre,A,31,522,7.1,PA,
2020/08/25,2020/09/01,McIntyre,A,31,521,8.4,PA,pos. #1 & #3 moved flag to larger cluster
2020/08/25,2020/09/01,McIntyre,A,31,520,7.4,PA,
2020/08/25,2020/09/01,McIntyre,A,31,519,7.6,PA,
2020/08/26,2020/09/01,Quails Gate Estate,1-6,48,605,11.3,PA,
2020/08/26,2020/09/01,Quails Gate Estate,1-6,48,601,15.8,PA,
2020/08/26,2020/09/01,Quails Gate Estate,1-6,48,602,17.1,PA,
2020/08/26,2020/09/01,Quails Gate Estate,1-6,48,604,12.8,PA,
2020/08/26,2020/09/01,Quails Gate Estate,1-6,49,611,15.1,PA,
2020/08/26,2020/09/01,Quails Gate Estate,1-6,49,612,11.4,PA,
2020/08/26,2020/09/01,Quails Gate Estate,1-6,49,608,11.9,PA,
2020/08/26,2020/09/01,Quails Gate Estate,1-6,49,607,14.6,PA,
2020/08/26,2020/09/01,Quails Gate Estate,3-4b,55,811,13.9,PA,
2020/08/26,2020/09/01,Mannhardt,8-8,6,841,10.6,PA,
2020/08/26,2020/09/01,Mannhardt,8-8,6,840,12.7,PA,
2020/08/26,2020/09/01,Mannhardt,8-8,6,842,11.9,PA,
2020/08/26,2020/09/01,Mannhardt,8-6,2,819,4.4,PA,
2020/08/26,2020/09/01,Mannhardt,8-6,3,826,11.9,PA,
2020/08/26,2020/09/01,Mannhardt,8-6,3,825,11.1,PA,
2020/08/26,2020/09/01,Mannhardt,8-6,3,823,3.9,PA,
2020/08/26,2020/09/01,Mannhardt,8-6,3,822,4.1,PA,
2020/08/26,2020/09/01,Mannhardt,8-6,3,821,7.5,PA,
2020/08/26,2020/09/01,Quails Gate Estate,2-1,30,638,7,PA,
2020/08/26,2020/09/01,Mannhardt,8-6,3,824,10.6,PA,
2020/08/25,2020/09/01,McIntyre,E,43,559,15.2,PA,
2020/08/25,2020/09/01,NKMIP,C,28,308,17.3,PA,
2020/08/25,2020/09/01,NKMIP,C,29,301,20,PA,
2020/08/25,2020/09/01,NKMIP,C,28,307,16.4,PA,
2020/08/25,2020/09/01,NKMIP,C,29,304,18.1,PA,
2020/08/25,2020/09/01,Dark Horse,E,3,955,19.7,PA,
2020/08/25,2020/09/01,Dark Horse,E,2,949,21.4,PA,
2020/08/25,2020/09/01,Dark Horse,E,2,950,20.2,PA,
2020/08/25,2020/09/01,Dark Horse,E,2,951,20.5,PA,
2020/08/25,2020/09/01,Dark Horse,E,2,952,19.2,PA,
2020/08/25,2020/09/01,Dark Horse,E,5,926,20.6,PA,
2020/08/25,2020/09/01,Dark Horse,E,5,927,17.9,PA,
2020/08/25,2020/09/01,Dark Horse,E,6,931,17.3,PA,
2020/08/25,2020/09/01,Dark Horse,E,6,930,15.8,PA,
2020/08/25,2020/09/01,Dark Horse,1,27,964,14.9,PA,
2020/08/25,2020/09/01,Dark Horse,1,27,961,15.2,PA,
2020/08/25,2020/09/01,Dark Horse,1,26,967,13.9,PA,
2020/08/25,2020/09/01,McIntyre,J,23,281,14.1,PA,
2020/08/25,2020/09/01,McIntyre,J,23,282,15.2,PA,
2020/08/25,2020/09/01,McIntyre,E,44,558,16.4,PA,
2020/08/25,2020/09/01,McIntyre,E,44,557,15.7,PA,
2020/08/25,2020/09/01,McIntyre,E,44,554,14.9,PA,
2020/08/25,2020/09/01,McIntyre,E,44,553,15.1,PA,
2020/08/25,2020/09/01,McIntyre,E,43,564,15.8,PA,
2020/08/25,2020/09/01,McIntyre,E,43,563,13.7,PA,
2020/08/25,2020/09/01,NKMIP,C,29,302,16.4,PA,
2020/08/25,2020/09/01,NKMIP,C,29,306,17.9,PA,
2020/08/25,2020/09/02,NKMIP,C,29,290,14.8,PA,
2020/08/25,2020/09/02,NKMIP,C,29,289,14.4,PA,
2020/08/25,2020/09/02,NKMIP,G,22,359,18,PA,
2020/08/25,2020/09/02,NKMIP,C,28,309,16.9,PA,
2020/08/25,2020/09/02,NKMIP,G,21,351,16.5,PA,
2020/08/25,2020/09/02,NKMIP,G,21,349,17.3,PA,
2020/08/25,2020/09/02,McIntyre,J,110,266,13.3,PA,
2020/08/25,2020/09/02,McIntyre,J,110,265,13.3,PA,
2020/08/25,2020/09/02,McIntyre,J,110,267,15,PA,
2020/08/25,2020/09/02,McIntyre,J,110,268,15.3,PA,
2020/08/25,2020/09/02,Dark Horse,E,3,956,21.1,PA,
2020/08/25,2020/09/02,Dark Horse,G,10,456,19.7,PA,
2020/08/25,2020/09/02,Dark Horse,E,3,954,18.9,PA,
2020/08/25,2020/09/02,NKMIP,C,28,298,15.9,PA,
2020/08/25,2020/09/02,NKMIP,C,28,297,15.7,PA,
2020/08/25,2020/09/02,NKMIP,C,28,296,13.1,PA,
2020/08/25,2020/09/02,NKMIP,C,28,295,10.4,PA,
2020/08/25,2020/09/02,NKMIP,C,29,292,14,PA,
2020/08/25,2020/09/02,NKMIP,B,19,392,16,PA,
2020/08/25,2020/09/02,McIntyre,Q,NA,210,6.5,PA,
2020/08/25,2020/09/02,McIntyre,C,69,216,12.2,PA,
2020/08/25,2020/09/02,McIntyre,C,69,211,11.4,PA,
2020/08/25,2020/09/02,McIntyre,C,69,212,13.1,PA,
2020/08/25,2020/09/02,McIntyre,C,69,213,14.5,PA,
2020/08/25,2020/09/02,McIntyre,C,69,214,13.3,PA,
2020/08/25,2020/09/02,McIntyre,C,69,215,14.3,PA,
2020/08/25,2020/09/02,McIntyre,Q,68,205,15.2,PA,
2020/08/26,2020/09/02,Quails Gate Estate,6-1,54,698,11.9,PA,
2020/08/26,2020/09/02,Quails Gate Estate,4-6,11,770,10.1,PA,
2020/08/26,2020/09/02,Quails Gate Estate,6-1,53,705,14.1,PA,
2020/08/26,2020/09/02,Quails Gate Estate,4-6,11,773,5.4,PA,
2020/08/25,2020/09/02,McIntyre,Q,NA,206,15.4,PA,
2020/08/25,2020/09/02,McIntyre,J,22,288,13.7,PA,
2020/08/25,2020/09/02,McIntyre,Q,NA,209,13.4,PA,
2020/08/25,2020/09/02,McIntyre,Q,NA,208,15.4,PA,
2020/08/25,2020/09/02,McIntyre,Q,NA,207,13.4,PA,
2020/08/25,2020/09/02,Dark Horse,J,8,919,16,PA,
2020/08/25,2020/09/02,Dark Horse,1,27,963,15.5,PA,
2020/08/25,2020/09/02,NKMIP,B,19,391,16.4,PA,
2020/08/25,2020/09/02,NKMIP,C,29,305,16.9,PA,
2020/08/25,2020/09/02,NKMIP,B,19,393,17.3,PA,
2020/08/25,2020/09/02,NKMIP,B,19,394,15.7,PA,
2020/08/25,2020/09/02,NKMIP,B,19,395,17,PA,
2020/08/25,2020/08/025,NKMIP,B,19,396,16.3,PA,
2020/08/25,2020/08/025,NKMIP,C,29,303,17,PA,
2020/08/26,2020/09/02,Quails Gate Estate,3-4b,56,796,13.5,PA,
2020/08/26,2020/09/02,Quails Gate Estate,3-4b,56,795,16.8,PA,
2020/08/26,2020/09/02,Quails Gate Estate,3-4b,55,799,7.5,PA,
2020/08/26,2020/09/02,Quails Gate Estate,4-8,16,729,8,PA,
2020/08/26,2020/09/02,Quails Gate Estate,4-8,16,730,9.5,PA,
2020/08/26,2020/09/02,Quails Gate Estate,4-8,16,731,11.8,PA,
2020/08/26,2020/09/02,Quails Gate Estate,4-8,16,732,11.2,PA,
2020/08/26,2020/09/02,Quails Gate Estate,4-6,11,764,10,PA,
2020/08/26,2020/09/02,Quails Gate Estate,4-6,11,763,5.9,PA,
2020/08/26,2020/09/02,Quails Gate Estate,4-8,15,725,6,PA,
2020/08/26,2020/09/02,Quails Gate Estate,4-8,15,726,10,PA,
2020/08/26,2020/09/02,Quails Gate Estate,4-8,15,724,11.4,PA,
2020/08/26,2020/09/02,Quails Gate Estate,6-1,40,683,12.8,PA,
2020/08/26,2020/09/02,Quails Gate Estate,4-6,10,776,8.3,PA,
2020/08/26,2020/09/02,Quails Gate Estate,4-6,10,777,5.1,PA,
2020/08/25,2020/09/02,McIntyre,A,10,509,10.3,PA,
2020/08/25,2020/09/02,McIntyre,A,10,508,10.7,PA,
2020/08/25,2020/09/02,McIntyre,A,10,507,8.1,PA,
2020/08/25,2020/09/02,McIntyre,A,10,506,9.3,PA,
2020/08/25,2020/09/02,McIntyre,C,39,477,15.5,PA,
2020/08/25,2020/09/02,McIntyre,J,22,283,14.8,PA,
2020/08/25,2020/09/02,McIntyre,J,23,277,13.7,PA,
2020/08/25,2020/09/02,McIntyre,J,23,278,13.9,PA,cluster 2 small
2020/08/25,2020/09/02,McIntyre,J,23,279,14.7,PA,
2020/08/25,2020/09/02,McIntyre,J,23,280,12.5,PA,
2020/08/25,2020/09/02,McIntyre,J,22,287,12.8,PA,
2020/08/25,2020/09/02,McIntyre,J,22,284,14.8,PA,
2020/08/25,2020/09/02,McIntyre,J,22,285,15,PA,
2020/08/25,2020/09/02,McIntyre,J,22,286,13,PA,
2020/08/26,2020/09/02,Quails Gate Estate,3-4b,56,797,12.8,PA,
2020/08/26,2020/09/02,Quails Gate Estate,4-6,10,761,7.7,PA,
2020/08/26,2020/09/02,Quails Gate Estate,4-6,10,762,6.3,PA,
2020/08/26,2020/09/02,Quails Gate Estate,4-6,10,758,5,PA,
2020/08/25,2020/09/02,Dark Horse,E,2,948,21,PA,
2020/08/26,2020/09/02,Quails Gate Estate,4-6,10,779,10,PA,
2020/08/26,2020/09/02,Quails Gate Estate,4-8,10,713,11,PA,
2020/08/26,2020/09/02,Quails Gate Estate,4-6,11,774,4.2,PA,
2020/08/26,2020/09/02,Quails Gate Estate,4-6,10,780,8,PA,
2020/08/26,2020/09/02,Quails Gate Estate,4-6,10,778,7.2,PA,
2020/08/26,2020/09/02,Quails Gate Estate,4-6,11,769,12.1,PA,
2020/08/26,2020/09/02,Quails Gate Estate,6-1,41,678,13.9,PA,
2020/08/26,2020/09/02,Quails Gate Estate,4-6,11,771,9.7,PA,
2020/08/26,2020/09/02,Quails Gate Estate,4-6,11,767,10.9,PA,
2020/08/26,2020/09/02,Quails Gate Estate,3-4b,55,800,11.4,PA,
2020/08/26,2020/09/02,Quails Gate Estate,3-3,20,744,12.3,PA,
2020/08/26,2020/09/02,Quails Gate Estate,6-1,40,682,10.3,PA,
2020/08/26,2020/09/02,Quails Gate Estate,6-1,40,681,12.3,PA,
2020/08/26,2020/09/02,Quails Gate Estate,4-6,10,760,8.4,PA,
2020/08/26,2020/09/02,Quails Gate Estate,6-1,41,674,7,PA,
2020/08/26,2020/09/02,Quails Gate Estate,4-8,15,723,11.4,PA,
2020/08/26,2020/09/02,Quails Gate Estate,4-8,15,720,13.9,PA,
2020/08/25,2020/09/02,Dark Horse,1,26,970,13.1,PA,
2020/08/25,2020/09/02,Dark Horse,1,26,968,14,PA,
2020/08/25,2020/09/02,Dark Horse,1,26,969,13.5,PA,
2020/08/25,2020/09/02,McIntyre,A,11,513,10.7,PA,
2020/08/25,2020/09/02,McIntyre,A,11,514,8.5,PA,
2020/08/25,2020/09/02,McIntyre,A,11,515,8.4,PA,
2020/08/25,2020/09/02,McIntyre,A,11,516,9.7,PA,
2020/08/25,2020/09/02,McIntyre,A,10,505,12.2,PA,
2020/08/25,2020/09/02,Dark Horse,G,10,453,19.6,PA,
2020/08/25,2020/09/02,Dark Horse,G,10,452,17.8,PA,
2020/08/25,2020/09/02,Dark Horse,G,11,448,16.4,PA,
2020/08/25,2020/09/02,Dark Horse,G,11,447,20,PA,
2020/08/26,2020/09/02,Quails Gate Estate,5-4,33,666,8.2,PA,
2020/08/26,2020/09/02,Quails Gate Estate,4-8,16,711,12.1,PA,
2020/08/26,2020/09/02,McIntyre,O,29,241,17.2,PA,note on bag that says harvested Aug 26th @1pm
2020/08/26,2020/09/02,McIntyre,O,28,252,16.7,PA,note on bag that says harvested Aug 26th @1pm
2020/08/26,2020/09/02,McIntyre,O,28,251,13.5,PA,note on bag that says harvested Aug 26th @1pm
2020/08/26,2020/09/02,McIntyre,O,28,250,17.6,PA,note on bag that says harvested Aug 26th @1pm
2020/08/26,2020/09/02,McIntyre,O,28,249,16,PA,note on bag that says harvested Aug 26th @1pm
2020/08/26,2020/09/02,McIntyre,O,28,248,16.8,PA,note on bag that says harvested Aug 26th @1pm
2020/08/26,2020/09/02,McIntyre,O,28,247,15.5,PA,note on bag that says harvested Aug 26th @1pm
2020/08/26,2020/09/02,McIntyre,O,29,246,16.4,PA,note on bag that says harvested Aug 26th @1pm
2020/08/26,2020/09/02,McIntyre,O,29,245,17.3,PA,note on bag that says harvested Aug 26th @1pm
2020/08/26,2020/09/02,McIntyre,O,29,244,18.7,PA,note on bag that says harvested Aug 26th @1pm
2020/08/26,2020/09/02,McIntyre,O,29,243,15.9,PA,note on bag that says harvested Aug 26th @1pm
2020/08/26,2020/09/02,McIntyre,O,29,242,18.1,PA,note on bag that says harvested Aug 26th @1pm
2020/08/27,2020/08/28,Quails Gate Estate,5-4,34,652,14.5,LW,
2020/08/27,2020/08/28,Quails Gate Estate,6-1,53,706,12.4,MG,
2020/08/26,2020/08/28,NKMIP,F,5,400,20.9,MG,
2020/08/27,2020/08/28,Quails Gate Estate,2-1,13,620,13.1,GL,
2020/08/26,2020/08/28,McIntyre,C,38,471,16,GL,
2020/08/26,2020/08/28,NKMIP,G,21,354,14.9,GL,
2020/08/26,2020/08/28,McIntyre,C,38,474,15.5,GL,
2020/08/26,2020/08/28,McIntyre,C,38,472,12.1,GL,
2020/08/26,2020/08/28,Dark Horse,1,26,982,12.7,MG,
2020/08/26,2020/08/28,Dark Horse,J,8,904,14.6,MG,
2020/08/26,2020/08/28,Dark Horse,E,5,925,20.5,MG,
2020/08/25,2020/08/31,McIntyre,A,30,528,9.1,MG,
2020/08/25,2020/08/31,McIntyre,A,30,527,9.3,MG,
2020/08/25,2020/08/31,McIntyre,A,30,526,7.8,MG,
2020/08/25,2020/08/31,McIntyre,A,30,525,10.2,MG,
2020/08/25,2020/08/31,McIntyre,A,30,524,9.1,MG,
2020/08/25,2020/08/31,Dark Horse,1,27,974,15,MG,
2020/08/25,2020/08/31,Dark Horse,E,6,932,19.4,MG,
2020/08/25,2020/08/31,Dark Horse,E,6,933,19.8,MG,
2020/08/25,2020/08/31,Dark Horse,E,6,934,18.3,MG,
2020/08/25,2020/08/31,Dark Horse,E,5,928,17.5,MG,
2020/09/9,2020/09/11,McIntyre,J,109,276,21.5,PA,
2020/09/9,2020/09/11,McIntyre,J,110,267,20.2,PA,
2020/09/9,2020/09/11,McIntyre,J,110,266,20.4,PA,
2020/09/9,2020/09/11,McIntyre,J,110,265,20.2,PA,
2020/09/9,2020/09/11,McIntyre,J,109,275,20.1,PA,
2020/09/9,2020/09/11,McIntyre,J,109,274,19.4,PA,
2020/09/9,2020/09/11,McIntyre,E,12,541,17.9,PA,
2020/09/9,2020/09/11,McIntyre,E,12,542,19,PA,
2020/09/9,2020/09/11,McIntyre,E,12,543,19.3,PA,
2020/09/9,2020/09/11,McIntyre,E,12,544,18.5,PA,
2020/09/9,2020/09/11,McIntyre,J,23,281,19.5,PA,
2020/09/9,2020/09/11,McIntyre,J,109,273,19.5,PA,
2020/09/9,2020/09/11,McIntyre,J,109,272,19.6,PA,
2020/09/9,2020/09/11,McIntyre,J,109,271,19.5,PA,
2020/09/9,2020/09/11,McIntyre,J,110,270,20.4,PA,
2020/09/9,2020/09/11,McIntyre,J,110,269,19.2,PA,
2020/09/9,2020/09/11,McIntyre,J,110,268,20.2,PA,
2020/09/9,2020/09/11,McIntyre,Q,69,215,18.6,PA,
2020/09/9,2020/09/11,McIntyre,Q,69,216,18.6,PA,
2020/09/9,2020/09/11,McIntyre,Q,69,214,17.3,PA,
2020/09/9,2020/09/11,McIntyre,Q,69,213,18.4,PA,
2020/09/9,2020/09/11,McIntyre,C,39,483,20.9,PA,south
2020/09/9,2020/09/11,McIntyre,C,39,484,21.7,PA,
2020/09/9,2020/09/11,McIntyre,C,39,485,22,PA,
2020/09/9,2020/09/11,McIntyre,C,39,486,20.4,PA,
2020/09/9,2020/09/11,McIntyre,E,11,549,20.2,PA,
2020/09/9,2020/09/11,McIntyre,A,10,507,15.2,PA,
2020/09/9,2020/09/11,McIntyre,A,10,508,18.3,PA,
2020/09/15,2020/09/17,Quails Gate Estate,3-4b,55,812,20.4,PA,
2020/09/15,2020/09/17,Quails Gate Estate,3-4b,55,811,20.8,PA,
2020/09/15,2020/09/17,Quails Gate Estate,3-3,19,750,20.6,PA,
2020/09/15,2020/09/17,Quails Gate Estate,4-3b,55,813,20,PA,
2020/09/15,2020/09/17,Quails Gate Estate,3-3,19,749,22.3,PA,
2020/09/15,2020/09/17,Quails Gate Estate,3-3,19,748,22.6,PA,
2020/09/15,2020/09/17,Quails Gate Estate,3-3,19,747,22.6,PA,
2020/09/15,2020/09/17,Quails Gate Estate,4-8,16,729,20.7,PA,
2020/09/15,2020/09/17,Quails Gate Estate,4-8,16,730,20.1,PA,
2020/09/15,2020/09/17,Quails Gate Estate,4-6,11,767,19,PA,
2020/09/15,2020/09/17,Quails Gate Estate,4-6,11,767,19.4,PA,REP
2020/09/15,2020/09/17,Quails Gate Estate,4-8,15,717,21.2,PA,
2020/09/15,2020/09/17,Quails Gate Estate,4-8,15,726,19.5,PA,
2020/09/15,2020/09/17,Quails Gate Estate,4-8,15,725,18.9,PA,
2020/09/15,2020/09/17,Quails Gate Estate,4-8,15,724,20.7,PA,
2020/09/15,2020/09/17,Quails Gate Estate,4-8,15,723,20.1,PA,south
2020/09/15,2020/09/17,Quails Gate Estate,4-8,16,731,21.5,PA,only 2 clusters on vine
2020/09/15,2020/09/17,Quails Gate Estate,4-8,16,732,21.2,PA,
2020/09/14,2020/09/17,Mannhardt,8-6,3,823,12,PA,
2020/09/14,2020/09/17,Mannhardt,8-6,2,820,10.3,PA,
2020/09/14,2020/09/17,Mannhardt,8-6,2,819,16.9,PA,
2020/09/14,2020/09/17,Mannhardt,8-6,2,818,20.1,PA,
2020/09/14,2020/09/17,Mannhardt,8-6,2,817,14.6,PA,
2020/09/14,2020/09/17,Mannhardt,8-6,2,816,15.7,PA,
2020/09/14,2020/09/17,Mannhardt,9-1,14,867,19.6,PA,
2020/09/14,2020/09/17,Mannhardt,9-1,14,866,18.5,PA,
2020/09/14,2020/09/17,Mannhardt,9-1,14,865,19.5,PA,
2020/09/14,2020/09/17,Mannhardt,9-1,14,864,18.3,PA,
2020/09/14,2020/09/17,Mannhardt,9-1,14,863,18.1,PA,
2020/09/14,2020/09/17,Mannhardt,9-1,15,874,17.1,PA,other machine got 16.8
2020/09/14,2020/09/17,Mannhardt,9-1,15,873,18.6,PA,
2020/09/14,2020/09/17,Mannhardt,9-1,15,872,16.7,PA,
2020/09/14,2020/09/17,Mannhardt,9-1,15,871,17.5,PA,
2020/09/14,2020/09/17,Mannhardt,9-1,9,898,18.1,PA,
2020/09/14,2020/09/17,Mannhardt,8-8,6,851,20.5,PA,
2020/09/15,2020/09/17,Quails Gate Estate,4-8,16,711,21,PA,north
2020/09/15,2020/09/17,Quails Gate Estate,4-8,16,712,20.8,PA,
2020/09/15,2020/09/17,Quails Gate Estate,4-8,16,713,19.6,PA,
2020/09/15,2020/09/17,Quails Gate Estate,4-8,16,714,21.8,PA,
2020/09/15,2020/09/17,Quails Gate Estate,4-8,15,720,21.7,PA,
2020/09/15,2020/09/17,Quails Gate Estate,4-8,15,719,19.5,PA,
2020/09/15,2020/09/17,Quails Gate Estate,4-8,15,718,21.4,PA,
2020/09/15,2020/09/17,Quails Gate Estate,3-4b,56,807,20.5,PA,
2020/09/15,2020/09/17,Quails Gate Estate,3-4b,56,806,20.9,PA,
2020/09/15,2020/09/17,Quails Gate Estate,5-4,34,653,20.6,PA,
2020/09/15,2020/09/17,Quails Gate Estate,5-4,34,654,21.1,PA,
2020/09/15,2020/09/17,Quails Gate Estate,5-4,34,651,20.8,PA,south
2020/09/15,2020/09/17,Quails Gate Estate,5-4,33,657,22.7,PA,south
2020/09/15,2020/09/17,Quails Gate Estate,5-4,33,658,22.3,PA,cluster 1 missing. moved flag to adj. cane
2020/09/14,2020/09/17,Quails Gate Estate,2-1,30,637,22.8,PA,
2020/09/14,2020/09/17,Mannhardt,8-8,6,839,20.4,PA,
2020/09/14,2020/09/17,Mannhardt,8-8,6,840,19.6,PA,
2020/09/14,2020/09/17,Mannhardt,8-8,5,845,20.4,PA,south
2020/09/14,2020/09/17,Mannhardt,8-8,5,847,20.5,PA,
2020/09/14,2020/09/17,Mannhardt,8-8,5,848,20.2,PA,
2020/09/14,2020/09/17,Mannhardt,8-8,5,850,21.9,PA,
2020/09/14,2020/09/17,Mannhardt,8-8,5,849,20.9,PA,
2020/09/10,2020/09/18,Dark Horse,G,4,428,20,PA,
2020/09/10,2020/09/18,Dark Horse,G,5,425,23.3,PA,
2020/09/10,2020/09/18,Dark Horse,G,4,429,22.4,PA,
2020/09/10,2020/09/18,Dark Horse,G,5,426,22.8,PA,
2020/09/10,2020/09/18,Dark Horse,G,5,423,21.2,PA,
2020/09/10,2020/09/18,Dark Horse,G,5,422,24.2,PA,
2020/09/10,2020/09/18,Dark Horse,E,3,958,24.4,PA,
2020/09/10,2020/09/18,Dark Horse,1,26,969,18.2,PA,
2020/09/10,2020/09/18,Dark Horse,1,27,962,22.2,PA,
2020/09/10,2020/09/18,Dark Horse,1,26,970,20.4,PA,
2020/09/10,2020/09/18,Dark Horse,1,26,967,21.3,PA,
2020/09/10,2020/09/18,Dark Horse,G,11,448,16.1,PA,only 2 clusters
2020/09/10,2020/09/18,Dark Horse,J,7,907,21.3,PA,
2020/09/10,2020/09/18,Dark Horse,J,8,919,23.4,PA,
2020/09/10,2020/09/18,Dark Horse,E,3,957,23.4,PA,
2020/09/10,2020/09/18,Dark Horse,G,11,450,23.1,PA,
2020/09/10,2020/09/18,Dark Horse,G,5,424,18.7,PA,
2020/09/10,2020/09/18,Dark Horse,J,7,913,23.3,PA,north
2020/09/10,2020/09/18,Dark Horse,E,5,924,23.6,PA,
2020/09/10,2020/09/18,NKMIP,C,28,311,22.4,PA,
2020/09/10,2020/09/18,NKMIP,B,18,390,23.3,PA,
2020/09/10,2020/09/18,NKMIP,G,22,355,20.3,PA,
2020/09/10,2020/09/18,NKMIP,C,29,306,24.1,PA,
2020/09/10,2020/09/18,NKMIP,C,28,312,21.3,PA,
2020/09/10,2020/09/18,NKMIP,C,28,308,23.9,PA,
2020/09/10,2020/09/18,NKMIP,C,28,309,23,PA,
2020/09/10,2020/09/18,NKMIP,G,21,350,23.7,PA,
2020/09/10,2020/09/18,NKMIP,G,22,360,23.8,PA,
2020/09/10,2020/09/18,NKMIP,C,29,290,19.9,PA,
2020/09/14,2020/09/18,Mannhardt,8-8,6,852,19.6,PA,cluster 2 and 3 damaged moved to adjacent canes
2020/09/14,2020/09/18,Mannhardt,8-8,6,854,20.9,PA,
2020/09/14,2020/09/18,Mannhardt,8-8,6,855,20.6,PA,
2020/09/14,2020/09/18,Mannhardt,8-8,6,856,21.8,PA,
2020/09/14,2020/09/18,Mannhardt,8-8,6,853,19.6,PA,
2020/09/14,2020/09/18,Mannhardt,4-6,11,768,19.7,PA,
2020/09/14,2020/09/18,Mannhardt,8-8,5,846,20.4,PA,
2020/09/14,2020/09/18,Mannhardt,3-4b,55,814,20,PA,
2020/09/14,2020/09/18,Mannhardt,3-3,20,753,22.5,PA,north
2020/09/14,2020/09/18,Mannhardt,3-3,20,744,17.6,PA,
2020/09/14,2020/09/18,Mannhardt,8-8,5,857,20.6,PA,north
2020/09/14,2020/09/18,Quails Gate Estate,1-6,49,607,22.4,PA,
2020/09/14,2020/09/18,Quails Gate Estate,1-6,49,608,24.4,PA,
2020/09/14,2020/09/18,Quails Gate Estate,1-6,49,609,23,PA,
2020/09/14,2020/09/18,Quails Gate Estate,1-6,49,610,22.8,PA,
2020/09/14,2020/09/18,Quails Gate Estate,1-6,49,611,24.3,PA,
2020/09/14,2020/09/18,Quails Gate Estate,1-6,49,612,23.6,PA,
2020/09/14,2020/09/18,Quails Gate Estate,1-6,48,601,24.2,PA,
2020/09/14,2020/09/18,Quails Gate Estate,1-6,48,602,22.9,PA,
2020/09/14,2020/09/18,Quails Gate Estate,1-6,48,603,24.3,PA,
2020/09/14,2020/09/18,Quails Gate Estate,1-6,48,604,23.2,PA,
2020/09/14,2020/09/18,Quails Gate Estate,1-6,48,605,21.4,PA,
2020/09/15,2020/09/18,Quails Gate Estate,3-4b,56,805,20.2,PA,south
2020/09/15,2020/09/18,Quails Gate Estate,6-1,53,704,22.7,PA,
2020/09/15,2020/09/18,Quails Gate Estate,6-1,53,705,22.2,PA,
2020/09/15,2020/09/18,Quails Gate Estate,6-1,53,706,21,PA,
2020/09/15,2020/09/18,Quails Gate Estate,6-1,53,707,20.3,PA,
2020/09/15,2020/09/18,Quails Gate Estate,6-1,53,708,23,PA,
2020/09/15,2020/09/18,Quails Gate Estate,6-1,54,697,19.3,PA,
2020/09/15,2020/09/18,Quails Gate Estate,6-1,54,698,21.4,PA,
2020/09/15,2020/09/18,Quails Gate Estate,6-1,54,699,20.6,PA,
2020/09/15,2020/09/18,Quails Gate Estate,6-1,54,700,20.4,PA,
2020/09/15,2020/09/18,Quails Gate Estate,6-1,54,701,21.6,PA,
2020/09/15,2020/09/18,Quails Gate Estate,6-1,54,702,22.2,PA,
2020/09/15,2020/09/18,Quails Gate Estate,5-4,33,666,19.6,PA,
2020/09/15,2020/09/18,Quails Gate Estate,5-4,33,664,21.5,PA,
2020/09/15,2020/09/18,Quails Gate Estate,5-4,33,665,19.3,PA,
2020/09/15,2020/09/18,Quails Gate Estate,5-4,34,672,18.7,PA,
2020/09/15,2020/09/18,Quails Gate Estate,5-4,33,663,16.3,PA,north
2020/09/15,2020/09/18,Quails Gate Estate,1-6,55,588,19,PA,
2020/09/15,2020/09/18,Quails Gate Estate,1-6,48,606,23.4,PA,
2020/09/09,2020/09/11,McIntyre,J,22,286,18.9,MG,
2020/09/09,2020/09/11,McIntyre,J,22,285,19.4,TA,
2020/09/09,2020/09/11,McIntyre,J,22,284,19.1,TA,
2020/09/09,2020/09/11,McIntyre,J,23,277,18.6,TA,
2020/09/09,2020/09/11,McIntyre,J,23,278,19.3,TA,
2020/09/09,2020/09/11,McIntyre,J,23,279,19.1,TA,
2020/09/09,2020/09/11,McIntyre,J,23,280,18.3,TA,
2020/09/10,2020/09/15,Dark Horse,J,7,915,22.8,TA,
2020/09/10,2020/09/15,Dark Horse,J,7,916,23.2,TA,
2020/09/10,2020/09/15,Dark Horse,J,8,902,20.4,TA,
2020/09/10,2020/09/15,Dark Horse,J,8,920,21.8,TA,
2020/09/10,2020/09/15,Dark Horse,J,8,921,23.9,TA,
2020/09/10,2020/09/15,Dark Horse,J,8,922,24.8,TA,
2020/09/10,2020/09/15,Dark Horse,1,27,976,20.7,TA,
2020/09/10,2020/09/15,NKMIP,F,5,398,22.5,TA,
2020/09/10,2020/09/15,Dark Horse,J,8,903,21.6,TA,
2020/09/10,2020/09/15,Dark Horse,E,2,950,19.6,TA,
2020/09/10,2020/09/15,Dark Horse,J,8,901,20.8,TA,South
2020/09/10,2020/09/15,NKMIP,G,22,358,18.7,TA,
2020/09/10,2020/09/15,Dark Horse,G,11,449,19.65,TA,measurements varied so GL decided to take average of 2 values (rounded)
2020/09/10,2020/09/15,Dark Horse,E,6,930,21.7,TA,measurements varied so GL decided to take average of 2 values (rounded)
2020/09/10,2020/09/15,Dark Horse,E,6,931,22.3,TA,measurements varied so GL decided to take average of 2 values (rounded)
2020/09/10,2020/09/15,Dark Horse,E,6,932,24.1,TA,measurements varied so GL decided to take average of 2 values (rounded)
2020/09/10,2020/09/15,Dark Horse,E,6,933,24.5,TA,measurements varied so GL decided to take average of 2 values (rounded)
2020/09/10,2020/09/15,Dark Horse,E,6,934,23,TA,measurements varied so GL decided to take average of 2 values (rounded)
2020/09/10,2020/09/15,Dark Horse,E,5,928,23.8,TA,measurements varied so GL decided to take average of 2 values (rounded)
2020/09/10,2020/09/15,Dark Horse,J,7,914,23.3,TA,measurements varied so GL decided to take average of 2 values (rounded)
2020/09/10,2020/09/15,NKMIP,B,53,368,20,TA,measurements varied so GL decided to take average of 2 values (rounded)
2020/09/10,2020/09/15,NKMIP,B,19,395,21.3,TA,measurements varied so GL decided to take average of 2 values (rounded)
2020/09/10,2020/09/15,NKMIP,F,5,402,21.4,TA,measurements varied so GL decided to take average of 2 values (rounded)
2020/09/10,2020/09/15,Dark Horse,E,3,955,24.6,TA,measurements varied so GL decided to take average of 2 values (rounded)
2020/09/10,2020/09/15,NKMIP,G,44,332,22.9,TA,measurements varied so GL decided to take average of 2 values (rounded)
2020/09/10,2020/09/15,Dark Horse,E,2,949,26.8,TA,measurements varied so GL decided to take average of 2 values (rounded)
2020/09/10,2020/09/15,NKMIP,B,53,371,20.1,TA,measurements varied so GL decided to take average of 2 values (rounded)
2020/09/10,2020/09/15,Dark Horse,G,10,454,23.9,TA,measurements varied so GL decided to take average of 2 values (rounded)
2020/09/10,2020/09/15,Dark Horse,G,11,447,22.9,TA,measurements varied so GL decided to take average of 2 values (rounded)
2020/09/10,2020/09/15,Dark Horse,G,11,446,21.3,TA,measurements varied so GL decided to take average of 2 values (rounded)
2020/09/10,2020/09/15,Dark Horse,G,10,456,23.9,TA,measurements varied so GL decided to take average of 2 values (rounded)
2020/09/10,2020/09/15,Dark Horse,G,10,455,25.1,TA,measurements varied so GL decided to take average of 2 values (rounded)
2020/09/10,2020/09/15,NKMIP,C,28,300,22,TA,measurements varied so GL decided to take average of 2 values (rounded)
2020/09/10,2020/09/15,Dark Horse,J,7,908,21.1,TA,measurements varied so GL decided to take average of 2 values (rounded)
2020/09/10,2020/09/15,Dark Horse,E,2,948,24.4,TA,measurements varied so GL decided to take average of 2 values (rounded)
2020/09/10,2020/09/15,NKMIP,F,5,397,23.8,TA,measurements varied so GL decided to take average of 2 values (rounded)
2020/09/10,2020/09/15,NKMIP,G,44,335,21,TA,measurements varied so GL decided to take average of 2 values (rounded)
2020/09/10,2020/09/15,Dark Horse,J,7,910,20.8,TA,measurements varied so GL decided to take average of 2 values (rounded)
2020/09/10,2020/09/15,NKMIP,G,21,354,20.8,TA,measurements varied so GL decided to take average of 2 values (rounded)
2020/09/10,2020/09/15,Dark Horse,G,4,430,20.6,TA,measurements varied so GL decided to take average of 2 values (rounded)
2020/09/10,2020/09/15,Dark Horse,G,4,431,24.1,TA,measurements varied so GL decided to take average of 2 values (rounded)
2020/09/10,2020/09/15,Dark Horse,G,4,432,19.8,TA,measurements varied so GL decided to take average of 2 values (rounded)
2020/09/10,2020/09/15,Dark Horse,J,7,909,20.2,TA,measurements varied so GL decided to take average of 2 values (rounded)
2020/09/10,2020/09/15,Dark Horse,1,27,961,22.9,TA,west; measurements varied so GL decided to take average of 2 values (rounded)
2020/09/10,2020/09/15,NKMIP,G,21,349,22.3,TA,measurements varied so GL decided to take average of 2 values (rounded)
2020/09/10,2020/09/15,NKMIP,G,22,359,23.9,TA,measurements varied so GL decided to take average of 2 values
2020/09/10,2020/09/15,NKMIP,C,28,296,20.7,TA,measurements varied so GL decided to take average of 2 values
2020/09/10,2020/09/15,NKMIP,C,28,299,21.2,TA,measurements varied so GL decided to take average of 2 values
2020/09/10,2020/09/18,Dark Horse,1,27,963,22.3,TA,
2020/09/10,2020/09/18,Dark Horse,1,27,964,22.5,TA,
2020/09/10,2020/09/18,Dark Horse,G,10,452,20.4,TA,
2020/09/10,2020/09/18,Dark Horse,G,10,453,23.8,TA,
2020/09/10,2020/09/18,Dark Horse,J,8,904,20.8,TA,
2020/09/10,2020/09/18,NKMIP,B,54,361,20.2,TA,
2020/09/10,2020/09/18,NKMIP,C,29,289,20,TA,west
2020/09/10,2020/09/18,Dark Horse,1,26,968,21.5,TA,
2020/09/14,2020/09/18,Mannhardt,8-8,5,858,21.7,TA,
2020/09/14,2020/09/18,Mannhardt,8-8,5,859,22.2,TA,Cluster 2 missing. Moved flag to adj. cane
2020/09/14,2020/09/18,Mannhardt,8-8,5,860,21.9,TA,
2020/09/14,2020/09/18,Mannhardt,8-8,5,861,21.6,TA,
2020/09/14,2020/09/18,Mannhardt,8-8,5,862,22.9,TA,
2020/09/14,2020/09/18,Mannhardt,8-8,6,842,19,TA,
2020/09/14,2020/09/18,Mannhardt,8-8,6,843,21,TA,
2020/09/14,2020/09/18,Mannhardt,8-8,6,844,18.9,TA,
2020/09/15,2020/09/18,Quails Gate Estate,3-3,20,754,20.9,TA,
2020/09/15,2020/09/18,Quails Gate Estate,3-3,20,756,23.3,TA,
2020/09/15,2020/09/18,Quails Gate Estate,5-4,34,669,19,TA,north
2020/09/15,2020/09/18,Quails Gate Estate,5-4,34,652,20.8,TA,
2020/09/15,2020/09/18,Quails Gate Estate,5-4,33,659,21.6,TA,
2020/09/15,2020/09/18,Quails Gate Estate,5-4,33,660,21.4,TA,
2020/09/14,2020/09/18,Quails Gate Estate,2-1,14,613,21,TA,
2020/09/14,2020/09/18,Quails Gate Estate,2-1,14,614,19.9,TA,
2020/09/14,2020/09/18,Quails Gate Estate,2-1,14,615,21.1,TA,
2020/09/14,2020/09/18,Quails Gate Estate,2-1,14,616,19.8,TA,
2020/09/14,2020/09/18,Quails Gate Estate,2-1,14,618,17.4,TA,
2020/09/14,2020/09/18,Quails Gate Estate,2-1,14,617,19.7,TA,
2020/09/14,2020/09/18,Quails Gate Estate,2-1,13,624,19.8,TA,
2020/09/14,2020/09/18,Quails Gate Estate,2-1,13,623,19,TA,
2020/09/14,2020/09/18,Quails Gate Estate,2-1,13,622,20.4,TA,
2020/09/14,2020/09/18,Quails Gate Estate,2-1,13,621,20.5,TA,
2020/09/14,2020/09/18,Quails Gate Estate,2-1,13,620,19.7,TA,
2020/09/14,2020/09/18,Quails Gate Estate,2-1,13,619,17.4,TA,
2020/09/15,2020/09/18,Quails Gate Estate,6-1,41,674,19,TA,
2020/09/15,2020/09/18,Quails Gate Estate,6-1,41,675,18.8,TA,
2020/09/14,2020/09/18,Mannhardt,9-1,9,897,16.8,TA,
2020/09/14,2020/09/18,Mannhardt,9-1,9,896,17.9,TA,
2020/09/14,2020/09/18,Mannhardt,9-1,9,895,18.2,TA,
2020/09/14,2020/09/18,Mannhardt,9-1,9,894,16.7,TA,
2020/09/14,2020/09/18,Mannhardt,9-1,9,893,17.5,TA,
2020/09/14,2020/09/18,Mannhardt,9-1,10,887,18.2,TA,
2020/09/14,2020/09/18,Mannhardt,9-1,10,888,18.8,TA,
2020/09/14,2020/09/18,Mannhardt,9-1,10,889,18.3,TA,
2020/09/14,2020/09/18,Mannhardt,9-1,10,890,19.2,TA,
2020/09/14,2020/09/18,Mannhardt,9-1,10,891,18.6,TA,
2020/09/14,2020/09/18,Mannhardt,9-1,10,892,17.4,TA,
2020/09/14,2020/09/18,Mannhardt,9-1,15,870,17.8,TA,
2020/09/14,2020/09/18,Mannhardt,9-1,15,869,18.7,TA,
2020/09/15,2020/09/18,Quails Gate Estate,6-1,41,673,19.8,TA,
2020/09/14,2020/09/18,Quails Gate Estate,1-6,54,578,24,TA,
2020/09/15,2020/09/18,Quails Gate Estate,5-4,34,671,20.4,TA,
2020/09/15,2020/09/18,Quails Gate Estate,5-4,34,670,19.9,TA,
2020/09/15,2020/09/18,Quails Gate Estate,3-4b,56,808,20.3,TA,
2020/09/15,2020/09/18,Quails Gate Estate,6-1,53,703,20.1,TA,
2020/09/14,2020/09/18,Quails Gate Estate,1-6,54,582,17.6,TA,
2020/09/14,2020/09/18,Quails Gate Estate,1-6,54,580,23.2,TA,
2020/09/14,2020/09/18,Quails Gate Estate,1-6,54,581,22,TA,
2020/09/14,2020/09/18,Quails Gate Estate,1-6,54,579,23.8,TA,
2020/09/14,2020/09/18,Quails Gate Estate,1-6,54,577,22.2,TA,
2020/09/14,2020/09/18,Quails Gate Estate,1-6,55,583,22.6,TA,cluster 3 missing. moved flag to adj. cane
2020/09/14,2020/09/18,Quails Gate Estate,1-6,55,584,20.4,TA,
2020/09/14,2020/09/18,Quails Gate Estate,1-6,55,585,21.8,TA,
2020/09/14,2020/09/18,Quails Gate Estate,1-6,55,586,19.3,TA,
2020/09/14,2020/09/18,Quails Gate Estate,1-6,55,587,22,TA,cluster 2 small only used 3 berries +1 extra from B1 + B3
2020/09/11,2020/09/09,McIntyre,C,39,479,22.5,MG,
2020/09/11,2020/09/09,McIntyre,C,39,478,20.4,MG,
2020/09/11,2020/09/09,McIntyre,C,39,477,21.4,MG,
2020/09/11,2020/09/09,McIntyre,E,44,557,21.9,MG,
2020/09/11,2020/09/09,McIntyre,E,44,556,20.2,MG,
2020/09/11,2020/09/09,McIntyre,E,44,555,20.8,MG,
2020/09/11,2020/09/09,McIntyre,A,10,505,18.2,MG,
2020/09/11,2020/09/09,McIntyre,A,11,516,17.1,MG,
2020/09/11,2020/09/09,McIntyre,A,10,509,16.4,MG,
2020/09/11,2020/09/09,McIntyre,E,12,546,16.2,MG,
2020/09/11,2020/09/09,McIntyre,A,11,513,18.8,MG,
2020/09/11,2020/09/09,McIntyre,Q,69,212,17.6,MG,
2020/09/11,2020/09/09,McIntyre,A,10,506,16.6,MG,
2020/09/11,2020/09/09,McIntyre,A,10,510,16.1,MG,
2020/09/11,2020/09/09,McIntyre,E,12,545,18,MG,
2020/09/11,2020/09/09,McIntyre,A,11,511,16.5,MG,
2020/09/11,2020/09/09,McIntyre,O,29,242,20.4,MG,
2020/09/11,2020/09/09,McIntyre,O,29,243,20.3,MG,
2020/09/11,2020/09/09,McIntyre,O,29,246,20.4,MG,
2020/09/11,2020/09/09,McIntyre,O,28,250,21.2,MG,
2020/09/11,2020/09/09,McIntyre,O,28,248,20.7,MG,
2020/09/11,2020/09/09,McIntyre,O,29,241,21.4,MG,
2020/09/11,2020/09/09,McIntyre,O,28,251,19.1,MG,
2020/09/11,2020/09/09,McIntyre,E,44,553,20.4,MG,
2020/09/11,2020/09/09,McIntyre,A,11,512,17,MG,
2020/09/11,2020/09/09,McIntyre,J,22,288,19.2,MG,
2020/09/11,2020/09/09,McIntyre,A,11,514,15.4,MG,
2020/09/11,2020/09/09,McIntyre,E,4,554,20.4,MG,
2020/09/11,2020/09/09,McIntyre,A,11,515,13.6,MG,
2020/09/11,2020/09/09,McIntyre,J,22,287,18.6,MG,
2020/09/09,2020/09/11,McIntyre,E,44,558,23.6,DL,
2020/09/09,2020/09/11,McIntyre,J,23,282,19.8,DL,
2020/09/09,2020/09/11,McIntyre,E,43,564,21.6,DL,
2020/09/09,2020/09/11,McIntyre,E,43,563,21.3,DL,
2020/09/09,2020/09/11,McIntyre,E,43,562,24,DL,
2020/09/09,2020/09/11,McIntyre,E,43,561,22.2,DL,
2020/09/09,2020/09/11,McIntyre,E,43,559,21.2,DL,
2020/09/09,2020/09/11,McIntyre,C,38,473,21.5,DL,
2020/09/09,2020/09/11,McIntyre,C,38,472,17.5,DL,
2020/09/09,2020/09/11,McIntyre,Q,69,211,17.4,DL,
2020/09/09,2020/09/11,McIntyre,C,38,471,20.1,DL,
2020/09/09,2020/09/11,McIntyre,C,38,474,21.7,DL,
2020/09/09,2020/09/11,McIntyre,C,39,480,22.2,DL,
2020/09/09,2020/09/11,McIntyre,A,30,528,16.4,DL,
2020/09/09,2020/09/11,McIntyre,A,30,527,17.3,DL,
2020/09/09,2020/09/11,McIntyre,A,30,526,16.9,DL,
2020/09/09,2020/09/11,McIntyre,A,30,525,13.8,DL,
2020/09/09,2020/09/11,McIntyre,A,30,524,16.7,DL,
2020/09/09,2020/09/11,McIntyre,A,30,523,12.1,DL,
2020/09/09,2020/09/11,McIntyre,J,22,283,19,DL,
2020/09/09,2020/09/11,McIntyre,A,31,519,17.7,DL,
2020/09/09,2020/09/11,McIntyre,A,31,518,18,DL,
2020/09/09,2020/09/11,McIntyre,A,31,517,16.2,DL,
2020/09/09,2020/09/11,McIntyre,C,38,491,20,DL,
2020/09/09,2020/09/11,McIntyre,C,38,490,21.6,DL,
2020/09/09,2020/09/11,McIntyre,C,38,489,22.4,DL,
2020/09/09,2020/09/11,McIntyre,C,38,492,20.3,DL,
2020/09/09,2020/09/11,McIntyre,Q,68,205,19.6,DL,
2020/09/10,2020/09/15,NKMIP,B,19,392,22.1,SC,
2020/09/10,2020/09/15,NKMIP,F,6,403,24.2,SC,
2020/09/10,2020/09/15,NKMIP,B,19,393,21.9,SC,
2020/09/10,2020/09/15,NKMIP,B,19,394,21.3,SC,
2020/09/10,2020/09/15,NKMIP,B,19,391,23,SC,
2020/09/10,2020/09/15,Dark Horse,1,26,980,19.3,SC,
2020/09/10,2020/09/15,NKMIP,B,19,396,22.6,SC,
2020/09/10,2020/09/15,Dark Horse,E,2,952,25.1,SC,
2020/09/10,2020/09/15,NKMIP,B,18,385,20.1,SC,
2020/09/10,2020/09/15,NKMIP,B,18,386,20.4,SC,
2020/09/10,2020/09/15,NKMIP,B,54,365,18.4,SC,
2020/09/10,2020/09/15,NKMIP,B,53,367,21.1,SC,
2020/09/10,2020/09/15,NKMIP,B,18,389,21,SC,
2020/09/10,2020/09/15,NKMIP,B,18,388,23.4,SC,
2020/09/10,2020/09/15,NKMIP,B,18,387,22.4,SC,
2020/09/10,2020/09/15,NKMIP,B,54,363,18.8,SC,
2020/09/10,2020/09/15,NKMIP,B,54,366,20.4,SC,
2020/09/10,2020/09/15,NKMIP,B,54,362,22.3,SC,
2020/09/10,2020/09/15,NKMIP,B,54,364,18.9,SC,
2020/09/10,2020/09/15,NKMIP,C,29,301,23.9,SC,east
2020/09/09,2020/09/15,McIntyre,E,11,547,18.1,SC,
2020/09/09,2020/09/15,McIntyre,E,11,548,19.2,SC,
2020/09/09,2020/09/15,McIntyre,Q,68,210,14.8,SC,
2020/09/09,2020/09/15,McIntyre,Q,68,209,18.8,SC,
2020/09/09,2020/09/15,McIntyre,Q,68,207,19.3,SC,
2020/09/09,2020/09/15,McIntyre,O,28,252,21.5,SC,
2020/09/09,2020/09/15,McIntyre,O,28,249,19.2,SC,cluster 3 missing moved flag to adj cane
2020/09/09,2020/09/15,McIntyre,O,28,247,18.5,SC,
2020/09/09,2020/09/15,McIntyre,E,43,560,21.1,SC,
2020/09/09,2020/09/15,McIntyre,A,31,520,16,SC,
2020/09/09,2020/09/15,McIntyre,A,31,521,17.5,SC,
2020/09/09,2020/09/15,McIntyre,O,29,245,21.3,SC,
2020/09/09,2020/09/15,McIntyre,Q,68,206,19.7,SC,
2020/09/09,2020/09/15,McIntyre,Q,68,208,19.5,SC,
2020/09/09,2020/09/15,McIntyre,A,31,522,16.1,SC,
2020/09/09,2020/09/15,McIntyre,O,29,244,21.4,SC,
2020/09/09,2020/09/15,McIntyre,E,11,552,18,SC,
2020/09/09,2020/09/15,McIntyre,E,11,550,17.6,SC,
2020/09/09,2020/09/15,McIntyre,E,11,551,17.7,SC,
2020/09/10,2020/09/15,NKMIP,C,29,305,21.9,SC,
2020/09/10,2020/09/15,NKMIP,C,29,304,24.1,SC,
2020/09/10,2020/09/15,Dark Horse,1,27,975,22.5,SC,
2020/09/10,2020/09/15,Dark Horse,1,27,973,22.4,SC,
2020/09/10,2020/09/15,Dark Horse,1,27,974,19.6,SC,
2020/09/10,2020/09/15,NKMIP,G,45,329,21.1,SC,
2020/09/10,2020/09/15,NKMIP,G,45,327,21.1,SC,
2020/09/10,2020/09/15,NKMIP,G,45,328,18.4,SC,
2020/09/10,2020/09/15,NKMIP,G,45,325,22.3,SC,
2020/09/10,2020/09/15,NKMIP,G,44,334,21.8,SC,
2020/09/10,2020/09/15,Dark Horse,E,5,925,25.6,SC,
2020/09/10,2020/09/15,Dark Horse,E,3,956,24.5,SC,
2020/09/10,2020/09/15,NKMIP,C,28,307,22.4,SC,east
2020/09/10,2020/09/15,NKMIP,C,29,302,22.7,SC,
2020/09/10,2020/09/15,NKMIP,F,6,405,22.9,SC,
2020/09/10,2020/09/15,NKMIP,G,45,326,22,SC,
2020/09/10,2020/09/15,NKMIP,G,44,336,22.4,SC,
2020/09/10,2020/09/15,NKMIP,C,29,303,22.8,SC,
2020/09/10,2020/09/15,NKMIP,G,45,330,22.6,SC,
2020/09/10,2020/09/15,NKMIP,G,21,351,20.7,SC,
2020/09/10,2020/09/15,NKMIP,F,6,407,22.9,SC,
2020/09/10,2020/09/15,NKMIP,F,6,406,20.4,SC,
2020/09/10,2020/09/15,NKMIP,F,5,399,21.6,SC,
2020/09/10,2020/09/15,NKMIP,C,29,291,17.8,SC,
2020/09/10,2020/09/15,NKMIP,G,44,331,17.7,SC,
2020/09/10,2020/09/15,NKMIP,B,53,372,19.9,SC,
2020/09/10,2020/09/15,NKMIP,G,21,352,21.8,SC,
2020/09/10,2020/09/15,NKMIP,G,22,356,19.4,SC,
2020/09/10,2020/09/15,NKMIP,F,6,408,23.6,SC,
2020/09/10,2020/09/15,NKMIP,B,53,369,18.8,SC,
2020/09/10,2020/09/15,NKMIP,B,53,370,18.9,SC,
2020/09/10,2020/09/15,NKMIP,F,6,404,23.4,SC,
2020/09/10,2020/09/15,NKMIP,G,22,357,22.3,SC,
2020/09/10,2020/09/15,Dark Horse,1,26,979,21.6,SC,
2020/09/10,2020/09/15,NKMIP,G,44,333,22,SC,
2020/09/10,2020/09/15,Dark Horse,1,26,981,19.5,SC,
2020/09/10,2020/09/15,Dark Horse,1,26,982,18.4,SC,
2020/09/10,2020/09/15,Dark Horse,E,3,954,22.6,SC,
2020/09/10,2020/09/15,NKMIP,G,21,353,19.4,SC,
2020/09/10,2020/09/15,Dark Horse,E,2,951,23.2,SC,
2020/09/10,2020/09/15,NKMIP,F,5,401,23.5,SC,
2020/09/10,2020/09/15,NKMIP,C,29,292,20.8,SC,
2020/09/10,2020/09/15,NKMIP,C,28,298,22.7,SC,
2020/09/10,2020/09/15,NKMIP,C,28,295,18.2,SC,west
2020/09/10,2020/09/15,NKMIP,C,28,310,22.9,SC,
2020/09/10,2020/09/15,NKMIP,F,5,400,26.1,SC,
2020/09/10,2020/09/15,NKMIP,C,29,293,20.8,SC,
2020/09/10,2020/09/15,NKMIP,C,28,297,21.8,SC,
2020/09/10,2020/09/15,NKMIP,C,29,294,19.3,SC,
2020/09/10,2020/09/15,Dark Horse,E,5,927,23.4,SC,
2020/09/10,2020/09/15,Dark Horse,E,5,926,24.9,SC,
2020/09/15,2020/09/17,Quails Gate Estate,3-4b,55,801,20.2,SC,
2020/09/15,2020/09/17,Quails Gate Estate,3-3,19,737,20.9,SC,
2020/09/15,2020/09/17,Quails Gate Estate,3-3,19,738,21.5,SC,
2020/09/15,2020/09/17,Quails Gate Estate,3-3,19,735,20.4,SC,south
2020/09/15,2020/09/17,Quails Gate Estate,3-4b,55,802,19.8,SC,
2020/09/15,2020/09/17,Quails Gate Estate,3-4b,56,795,21.6,SC,north
2020/09/15,2020/09/17,Quails Gate Estate,3-3,19,736,20.8,SC,
2020/09/15,2020/09/17,Quails Gate Estate,3-4b,56,796,21.7,SC,
2020/09/15,2020/09/17,Quails Gate Estate,3-4b,56,798,19.3,SC,
2020/09/15,2020/09/17,Quails Gate Estate,3-4b,56,797,20.3,SC,
2020/09/15,2020/09/17,Quails Gate Estate,3-4b,55,799,20.6,SC,north
2020/09/15,2020/09/17,Quails Gate Estate,3-4b,55,800,20.7,SC,
2020/09/15,2020/09/17,Quails Gate Estate,3-3,20,755,23,SC,
2020/09/15,2020/09/17,Quails Gate Estate,4-6,10,758,16.4,SC,
2020/09/15,2020/09/17,Quails Gate Estate,4-6,10,758,16.8,SC,rep
2020/09/15,2020/09/17,Quails Gate Estate,4-6,10,757,15.6,SC,"rep, cluster 3 dropped moved to opp. sem"
2020/09/15,2020/09/17,Quails Gate Estate,4-6,10,757,15.7,SC,"south, cluster 3 dropped moved to opp. sem"
2020/09/15,2020/09/17,Quails Gate Estate,4-6,10,759,18.3,SC,rep
2020/09/15,2020/09/17,Quails Gate Estate,4-6,10,759,18.9,SC,
2020/09/15,2020/09/17,Quails Gate Estate,4-6,10,760,18.8,SC,
2020/09/15,2020/09/17,Quails Gate Estate,4-6,10,760,19,SC,rep
2020/09/15,2020/09/17,Quails Gate Estate,4-6,10,761,18.5,SC,
2020/09/15,2020/09/17,Quails Gate Estate,4-6,10,761,19.1,SC,rep
2020/09/15,2020/09/17,Quails Gate Estate,4-6,10,762,18.2,SC,
2020/09/15,2020/09/17,Quails Gate Estate,4-6,10,762,18.6,SC,rep
2020/09/14,2020/09/17,Mannhardt,8-6,3,821,16.4,SC,north
2020/09/15,2020/09/17,Quails Gate Estate,3-3,20,742,21,SC,
2020/09/15,2020/09/17,Quails Gate Estate,4-6,11,768,19.8,SC,
2020/09/15,2020/09/17,Quails Gate Estate,4-6,11,772,17.9,SC,cluster 1 missing. moved to adj cluster
2020/09/15,2020/09/17,Quails Gate Estate,4-6,11,773,18.8,SC,
2020/09/15,2020/09/17,Quails Gate Estate,3-3,20,743,20.9,SC,
2020/09/15,2020/09/17,Quails Gate Estate,4-6,10,777,17.2,SC,
2020/09/15,2020/09/17,Quails Gate Estate,4-6,10,776,19.9,SC,
2020/09/15,2020/09/17,Quails Gate Estate,4-6,11,774,16.8,SC,
2020/09/15,2020/09/17,Quails Gate Estate,4-6,10,778,19.6,SC,
2020/09/15,2020/09/17,Quails Gate Estate,4-6,10,779,17.1,SC,cluster 3 missing/dropped moved flag to adj cluster
2020/09/15,2020/09/17,Quails Gate Estate,4-6,10,780,17.9,SC,
2020/09/15,2020/09/17,Quails Gate Estate,4-6,11,769,20.4,SC,north
2020/09/15,2020/09/17,Quails Gate Estate,4-6,11,770,18.8,SC,
2020/09/15,2020/09/17,Quails Gate Estate,4-6,10,775,19.3,SC,north
2020/09/15,2020/09/17,Quails Gate Estate,4-6,11,771,19.3,SC,cluster 2 missing. moved flag to adj. cane
2020/09/15,2020/09/17,Quails Gate Estate,4-6,11,766,16,SC,
2020/09/15,2020/09/17,Quails Gate Estate,4-6,11,765,17.7,SC,rep
2020/09/15,2020/09/17,Quails Gate Estate,4-6,11,766,15.9,SC,rep
2020/09/15,2020/09/17,Quails Gate Estate,4-6,11,765,15.6,SC,rep
2020/09/15,2020/09/17,Quails Gate Estate,4-6,11,764,18.4,SC,rep
2020/09/15,2020/09/17,Quails Gate Estate,4-6,11,763,17.7,SC,rep
2020/09/15,2020/09/17,Quails Gate Estate,4-6,11,764,18.4,SC,
2020/09/15,2020/09/17,Quails Gate Estate,4-6,11,763,16.5,SC,south
2020/09/14,2020/09/17,Mannhardt,8-6,3,826,16.3,SC,
2020/09/15,2020/09/17,Quails Gate Estate,3-3,20,741,21.6,SC,south
2020/09/14,2020/09/17,Mannhardt,8-6,2,838,14.6,SC,
2020/09/14,2020/09/17,Mannhardt,8-6,2,833,17,SC,south
2020/09/14,2020/09/17,Mannhardt,8-6,2,834,16.6,SC,
2020/09/14,2020/09/17,Mannhardt,8-6,2,835,17.7,SC,
2020/09/14,2020/09/17,Mannhardt,8-6,2,836,16.2,SC,
2020/09/14,2020/09/17,Mannhardt,8-6,2,837,15,SC,
2020/09/14,2020/09/17,Mannhardt,8-6,3,827,18.5,SC,
2020/09/14,2020/09/17,Mannhardt,8-6,3,829,14.5,SC,
2020/09/14,2020/09/17,Mannhardt,8-6,3,828,15.7,SC,
2020/09/14,2020/09/17,Mannhardt,8-6,3,830,16.7,SC,
2020/09/14,2020/09/17,Mannhardt,9-1,14,868,16.5,SC,
2020/09/14,2020/09/17,Mannhardt,8-6,3,822,16.1,SC,
2020/09/14,2020/09/17,Mannhardt,8-6,3,824,15.8,SC,
2020/09/14,2020/09/17,Mannhardt,8-6,3,825,20,SC,
2020/09/14,2020/09/17,Mannhardt,8-6,3,832,15.3,SC,
2020/09/14,2020/09/17,Mannhardt,8-6,3,831,14.5,SC,
2020/09/14,2020/09/17,Mannhardt,8-6,2,815,16.4,SC,north
2020/09/15,2020/09/17,Quails Gate Estate,6-1,40,679,20.2,SC,
2020/09/14,2020/09/17,Mannhardt,8-8,6,841,19.2,SC,
2020/09/14,2020/09/17,Quails Gate Estate,2-1,30,638,20.4,SC,cluster 3 only had 2 grapes on cluster
2020/09/14,2020/09/17,Quails Gate Estate,2-1,29,643,23.4,SC,
2020/09/14,2020/09/17,Quails Gate Estate,2-1,30,641,17.6,SC,
2020/09/14,2020/09/17,Quails Gate Estate,2-1,30,642,19.2,SC,cluster 1 small only took 3 berries
2020/09/14,2020/09/17,Quails Gate Estate,2-1,30,640,22,SC,
2020/09/14,2020/09/17,Quails Gate Estate,2-1,30,639,20.8,SC,
2020/09/14,2020/09/17,Quails Gate Estate,2-1,29,644,20.1,SC,
2020/09/14,2020/09/17,Quails Gate Estate,2-1,29,645,22.5,SC,
2020/09/14,2020/09/17,Quails Gate Estate,2-1,29,647,13.2,SC,
2020/09/14,2020/09/17,Quails Gate Estate,2-1,29,648,18.8,SC,
2020/09/14,2020/09/17,Quails Gate Estate,2-1,29,646,20.4,SC,
2020/09/15,2020/09/17,Quails Gate Estate,6-1,40,681,21.9,SC,
2020/09/15,2020/09/17,Quails Gate Estate,6-1,40,680,20.6,SC,
2020/09/15,2020/09/17,Quails Gate Estate,6-1,40,684,20.2,SC,
2020/09/15,2020/09/17,Quails Gate Estate,6-1,40,683,21.4,SC,
2020/09/15,2020/09/17,Quails Gate Estate,6-1,41,678,21.8,SC,
2020/09/15,2020/09/17,Quails Gate Estate,6-1,41,677,19.5,SC,
2020/09/15,2020/09/17,Quails Gate Estate,6-1,41,676,19.9,SC,
2020/09/15,2020/09/17,Quails Gate Estate,6-1,40,682,19,SC,
