plantID,vineyard,block,variety,clone,rootstock,roworientation,irrigation,row.number,plant.position,rowEndtoCountFrom,training.pruning,cordon.marked,date.flagged,GPSpoint,notes,
1,Whitetail,J,Riesling,21,S04,E-W,overhead sprinklers,29,6,south,cane/cordon,north,7-May-20,,,
2,Whitetail,J,Riesling,21,S04,E-W,overhead sprinklers,29,7,south,cane/cordon,north,7-May-20,,,
3,Whitetail,J,Riesling,21,S04,E-W,overhead sprinklers,29,8,south,cordon,north,7-May-20,,,
4,Whitetail,J,Riesling,21,S04,E-W,overhead sprinklers,29,9,south,cane/cordon,north,7-May-20,,,
5,Whitetail,J,Riesling,21,S04,E-W,overhead sprinklers,29,10,south,cordon,south,7-May-20,,,
6,Whitetail,J,Riesling,21,S04,E-W,overhead sprinklers,29,11,south,cane,south,7-May-20,,,
7,Whitetail,J,Riesling,21,S04,E-W,overhead sprinklers,28,6,south,cordon,south,7-May-20,,,
8,Whitetail,J,Riesling,21,S04,E-W,overhead sprinklers,28,7,south,cordon,north,7-May-20,,,
9,Whitetail,J,Riesling,21,S04,E-W,overhead sprinklers,28,8,south,cane/cordon,south,7-May-20,,,
10,Whitetail,J,Riesling,21,S04,E-W,overhead sprinklers,28,9,south,cordon,north,7-May-20,,,
11,Whitetail,J,Riesling,21,S04,E-W,overhead sprinklers,28,11,south,cane/cordon,south,7-May-20,,plant 10 skipped because unhealthy,
12,Whitetail,J,Riesling,21,S04,E-W,overhead sprinklers,28,12,south,cordon,north,7-May-20,,,
13,Whitetail,J,Riesling,21,S04,E-W,overhead sprinklers,21,82,south,cordon,south,7-May-20,,check plant position,
14,Whitetail,J,Riesling,21,S04,E-W,overhead sprinklers,21,83,south,cordon,south,7-May-20,,check plant position,
15,Whitetail,J,Riesling,21,S04,E-W,overhead sprinklers,21,84,south,cordon,north,7-May-20,,check plant position,
16,Whitetail,J,Riesling,21,S04,E-W,overhead sprinklers,21,85,south,cordon,south,7-May-20,,check plant position,
17,Whitetail,J,Riesling,21,S04,E-W,overhead sprinklers,21,86,south,cordon,north,7-May-20,,check plant position,
18,Whitetail,J,Riesling,21,S04,E-W,overhead sprinklers,21,87,south,cordon,south,7-May-20,,check plant position,
19,Whitetail,J,Riesling,21,S04,E-W,overhead sprinklers,20,82,south,cordon,north,7-May-20,,check plant position,
20,Whitetail,J,Riesling,21,S04,E-W,overhead sprinklers,20,83,south,cane,south,7-May-20,,check plant position,
21,Whitetail,J,Riesling,21,S04,E-W,overhead sprinklers,20,84,south,cane/cordon,north,7-May-20,,check plant position,
22,Whitetail,J,Riesling,21,S04,E-W,overhead sprinklers,20,85,south,cane/cordon,north,7-May-20,,check plant position,
23,Whitetail,J,Riesling,21,S04,E-W,overhead sprinklers,20,86,south,cane/cordon,north,7-May-20,,check plant position,
24,Whitetail,J,Riesling,21,S04,E-W,overhead sprinklers,20,87,south,cordon,south,7-May-20,,check plant position,
25,Whitetail,J,Riesling,21,S04,E-W,overhead sprinklers,9,7,north,cordon,north,7-May-20,,,
26,Whitetail,J,Riesling,21,S04,E-W,overhead sprinklers,9,8,north,cordon,north,7-May-20,,,
27,Whitetail,J,Riesling,21,S04,E-W,overhead sprinklers,9,9,north,cordon,north,7-May-20,,,
28,Whitetail,J,Riesling,21,S04,E-W,overhead sprinklers,9,11,north,cane,north,7-May-20,,plant 10 skipped because unhealthy,
29,Whitetail,J,Riesling,21,S04,E-W,overhead sprinklers,9,12,north,cordon,south,7-May-20,,,
30,Whitetail,J,Riesling,21,S04,E-W,overhead sprinklers,9,13,north,cordon,south,7-May-20,,small north cordon,
31,Whitetail,J,Riesling,21,S04,E-W,overhead sprinklers,10,6,north,cordon,south,7-May-20,,,
32,Whitetail,J,Riesling,21,S04,E-W,overhead sprinklers,10,7,north,cordon,north,7-May-20,,,
33,Whitetail,J,Riesling,21,S04,E-W,overhead sprinklers,10,8,north,cordon,south,7-May-20,,,
34,Whitetail,J,Riesling,21,S04,E-W,overhead sprinklers,10,10,north,cane,south,7-May-20,,plant 9 skipped because unhealthy,
35,Whitetail,J,Riesling,21,S04,E-W,overhead sprinklers,10,11,north,cane,south,7-May-20,,,
36,Whitetail,J,Riesling,21,S04,E-W,overhead sprinklers,10,12,north,cordon,south,7-May-20,,,
37,Whitetail,OIB,Chardonnay,,,,,,,,,,7-May-20,,,
38,Whitetail,OIB,Chardonnay,,,,,,,,,,7-May-20,,,
39,Whitetail,OIB,Chardonnay,,,,,,,,,,7-May-20,,,
40,Whitetail,OIB,Chardonnay,,,,,,,,,,7-May-20,,,
41,Whitetail,OIB,Chardonnay,,,,,,,,,,7-May-20,,,
42,Whitetail,OIB,Chardonnay,,,,,,,,,,7-May-20,,,
43,Whitetail,OIB,Chardonnay,,,,,,,,,,7-May-20,,,
44,Whitetail,OIB,Chardonnay,,,,,,,,,,7-May-20,,,
45,Whitetail,OIB,Chardonnay,,,,,,,,,,7-May-20,,,
46,Whitetail,OIB,Chardonnay,,,,,,,,,,7-May-20,,,
47,Whitetail,OIB,Chardonnay,,,,,,,,,,7-May-20,,,
48,Whitetail,OIB,Chardonnay,,,,,,,,,,7-May-20,,,
49,Whitetail,OIB,Chardonnay,,,,,,,,,,7-May-20,,,
50,Whitetail,OIB,Chardonnay,,,,,,,,,,7-May-20,,,
51,Whitetail,OIB,Chardonnay,,,,,,,,,,7-May-20,,,
52,Whitetail,OIB,Chardonnay,,,,,,,,,,7-May-20,,,
53,Whitetail,OIB,Chardonnay,,,,,,,,,,7-May-20,,,
54,Whitetail,OIB,Chardonnay,,,,,,,,,,7-May-20,,,
55,Whitetail,OIB,Chardonnay,,,,,,,,,,7-May-20,,,
56,Whitetail,OIB,Chardonnay,,,,,,,,,,7-May-20,,,
57,Whitetail,OIB,Chardonnay,,,,,,,,,,7-May-20,,,
58,Whitetail,OIB,Chardonnay,,,,,,,,,,7-May-20,,,
59,Whitetail,OIB,Chardonnay,,,,,,,,,,7-May-20,,,
60,Whitetail,OIB,Chardonnay,,,,,,,,,,7-May-20,,,
61,Whitetail,OIB,Chardonnay,,,,,,,,,,7-May-20,,,
62,Whitetail,OIB,Chardonnay,,,,,,,,,,7-May-20,,,
63,Whitetail,OIB,Chardonnay,,,,,,,,,,7-May-20,,,
64,Whitetail,OIB,Chardonnay,,,,,,,,,,7-May-20,,,
65,Whitetail,OIB,Chardonnay,,,,,,,,,,7-May-20,,,
66,Whitetail,OIB,Chardonnay,,,,,,,,,,7-May-20,,,
67,Whitetail,OIB,Chardonnay,,,,,,,,,,7-May-20,,,
68,Whitetail,OIB,Chardonnay,,,,,,,,,,7-May-20,,,
69,Whitetail,OIB,Chardonnay,,,,,,,,,,7-May-20,,,
70,Whitetail,OIB,Chardonnay,,,,,,,,,,7-May-20,,,
71,Whitetail,OIB,Chardonnay,,,,,,,,,,7-May-20,,,
72,Whitetail,OIB,Chardonnay,,,,,,,,,,7-May-20,,,
73,Whitetail,B,Riesling,21B,S04,E-W,,4,9,south,cane/cordon,south,7-May-20,,,
74,Whitetail,B,Riesling,21B,S05,E-W,,4,10,south,cane,south,7-May-20,,,
75,Whitetail,B,Riesling,21B,S06,E-W,,4,12,south,cordon,south,7-May-20,,Neither cane on plant 11 had 3 buds,
76,Whitetail,B,Riesling,21B,S07,E-W,,4,15,south,cordon,south,7-May-20,,"Vines 13, 14 no buds",
77,Whitetail,B,Riesling,21B,S08,E-W,,4,16,south,cane,south,7-May-20,,,
78,Whitetail,B,Riesling,21B,S09,E-W,,4,17,south,cordon,north,7-May-20,,,
79,Whitetail,B,Riesling,21B,S10,E-W,,5,9,south,cane,north,7-May-20,,,
80,Whitetail,B,Riesling,21B,S11,E-W,,5,10,south,cane/cordon,north,7-May-20,,,
81,Whitetail,B,Riesling,21B,S12,E-W,,5,11,south,cordon,north,7-May-20,,,
82,Whitetail,B,Riesling,21B,S13,E-W,,5,12,south,cordon,south,7-May-20,,,
83,Whitetail,B,Riesling,21B,S14,E-W,,5,13,south,cordon,south,7-May-20,,,
84,Whitetail,B,Riesling,21B,S15,E-W,,5,14,south,cane,north,7-May-20,,,
85,Whitetail,B,Riesling,21B,S16,E-W,,11,,,cordon,south,7-May-20,,check plant position,
86,Whitetail,B,Riesling,21B,S17,E-W,,11,,,cane/cordon,south,7-May-20,,check plant position,
87,Whitetail,B,Riesling,21B,S18,E-W,,11,,,cordon,north,7-May-20,,check plant position,
88,Whitetail,B,Riesling,21B,S19,E-W,,11,,,cane/cordon,north,7-May-20,,check plant position,
89,Whitetail,B,Riesling,21B,S20,E-W,,11,,,cordon,south,7-May-20,,check plant position,
90,Whitetail,B,Riesling,21B,S21,E-W,,11,,,cane/cordon,south,7-May-20,,check plant position,
91,Whitetail,B,Riesling,21B,S22,E-W,,12,,,cordon,north,7-May-20,,check plant position,
92,Whitetail,B,Riesling,21B,S23,E-W,,12,,,cane/cordon,south,7-May-20,,check plant position,
93,Whitetail,B,Riesling,21B,S24,E-W,,12,,,cane/cordon,south,7-May-20,,check plant position,
94,Whitetail,B,Riesling,21B,S25,E-W,,12,,,cordon,north,7-May-20,,check plant position,
95,Whitetail,B,Riesling,21B,S26,E-W,,12,,,cane/cordon,south,7-May-20,,check plant position,
96,Whitetail,B,Riesling,21B,S27,E-W,,12,,,cane/cordon,south,7-May-20,,check plant position,
97,Whitetail,B,Riesling,21B,S28,E-W,,16,6,north,cordon,north,7-May-20,,,
98,Whitetail,B,Riesling,21B,S29,E-W,,16,7,north,cane/cordon,south,7-May-20,,,
99,Whitetail,B,Riesling,21B,S30,E-W,,16,8,north,cane,north,7-May-20,,,
100,Whitetail,B,Riesling,21B,S31,E-W,,16,9,north,cordon,north,7-May-20,,,
101,Whitetail,B,Riesling,21B,S32,E-W,,16,10,north,cane,north,7-May-20,,,
102,Whitetail,B,Riesling,21B,S33,E-W,,16,11,north,cane,north,7-May-20,,,
103,Whitetail,B,Riesling,21B,S34,E-W,,15,11,north,cane,north,7-May-20,,,
104,Whitetail,B,Riesling,21B,S35,E-W,,15,12,north,cane/cordon,north,7-May-20,,,
105,Whitetail,B,Riesling,21B,S36,E-W,,15,13,north,cordon,north,7-May-20,,no south cordon,
106,Whitetail,B,Riesling,21B,S37,E-W,,15,14,north,cordon,south,7-May-20,,,
107,Whitetail,B,Riesling,21B,S38,E-W,,15,15,north,cordon,north,7-May-20,,,
108,Whitetail,B,Riesling,21B,S39,E-W,,15,16,north,cordon,south,7-May-20,,,
109,Whitetail,C,Chardonnay,95,3309,E-W,overhead sprinklers,30,7,north,cane/cordon,north,7-May-20,,,
110,Whitetail,C,Chardonnay,95,3309,E-W,overhead sprinklers,30,8,north,cordon,south,7-May-20,,,
111,Whitetail,C,Chardonnay,95,3309,E-W,overhead sprinklers,30,9,north,cordon,north,7-May-20,,,
112,Whitetail,C,Chardonnay,95,3309,E-W,overhead sprinklers,30,10,north,cane,south,7-May-20,,,
113,Whitetail,C,Chardonnay,95,3309,E-W,overhead sprinklers,30,11,north,cane/cordon,south,7-May-20,,,
114,Whitetail,C,Chardonnay,95,3309,E-W,overhead sprinklers,30,12,north,cane,south,7-May-20,,,
115,Whitetail,C,Chardonnay,95,3309,E-W,overhead sprinklers,31,7,north,cordon,north,7-May-20,,,
116,Whitetail,C,Chardonnay,95,3309,E-W,overhead sprinklers,31,8,north,cane/cordon,north,7-May-20,,,
117,Whitetail,C,Chardonnay,95,3309,E-W,overhead sprinklers,31,9,north,cordon,south,7-May-20,,North cordon is too short,
118,Whitetail,C,Chardonnay,95,3309,E-W,overhead sprinklers,31,10,north,cordon,south,7-May-20,,,
119,Whitetail,C,Chardonnay,95,3309,E-W,overhead sprinklers,31,11,north,cane/cordon,north,7-May-20,,,
120,Whitetail,C,Chardonnay,95,3309,E-W,overhead sprinklers,31,12,north,cordon,south,7-May-20,,,
121,Whitetail,C,Chardonnay,95,3309,E-W,overhead sprinklers,30,6,south,cordon,south,7-May-20,,,
122,Whitetail,C,Chardonnay,95,3309,E-W,overhead sprinklers,30,7,south,cordon,south,7-May-20,,2 buds on north cordon,
123,Whitetail,C,Chardonnay,95,3309,E-W,overhead sprinklers,30,9,south,cordon,south,7-May-20,,plant 8 is unhealthy,
124,Whitetail,C,Chardonnay,95,3309,E-W,overhead sprinklers,30,10,south,cordon,south,7-May-20,,,
125,Whitetail,C,Chardonnay,95,3309,E-W,overhead sprinklers,30,11,south,cane/cordon,south,7-May-20,,cordon did not have 3 buds so cane chosen,
126,Whitetail,C,Chardonnay,95,3309,E-W,overhead sprinklers,30,12,south,cordon,north,7-May-20,,no live buds on N cordon,
127,Whitetail,C,Chardonnay,95,3309,E-W,overhead sprinklers,31,6,south,cordon,south,7-May-20,,,
128,Whitetail,C,Chardonnay,95,3309,E-W,overhead sprinklers,31,7,south,cordon,north,7-May-20,,,
129,Whitetail,C,Chardonnay,95,3309,E-W,overhead sprinklers,31,8,south,cane/cordon,south,7-May-20,,,
130,Whitetail,C,Chardonnay,95,3309,E-W,overhead sprinklers,31,9,south,cordon,north,7-May-20,,,
131,Whitetail,C,Chardonnay,95,3309,E-W,overhead sprinklers,31,10,south,cordon,south,7-May-20,,11 had only small canes so skipped,
132,Whitetail,C,Chardonnay,95,3309,E-W,overhead sprinklers,31,12,south,cordon,south,7-May-20,,North codon has only 2 buds,
133,Whitetail,D,Sauvignon blanc,317,3309,E-W,drip and overhead,30,7,north,cane,south,7-May-20,,,
134,Whitetail,D,Sauvignon blanc,317,3309,E-W,drip and overhead,30,8,north,cordon,south,7-May-20,,,
135,Whitetail,D,Sauvignon blanc,317,3309,E-W,drip and overhead,30,9,north,cane/cordon,north,7-May-20,,,
136,Whitetail,D,Sauvignon blanc,317,3309,E-W,drip and overhead,30,10,north,cordon,north,7-May-20,,,
137,Whitetail,D,Sauvignon blanc,317,3309,E-W,drip and overhead,30,11,north,cordon,north,7-May-20,,,
138,Whitetail,D,Sauvignon blanc,317,3309,E-W,drip and overhead,30,12,north,cordon,north,7-May-20,,,
139,Whitetail,D,Sauvignon blanc,317,3309,E-W,drip and overhead,29,7,north,cordon,north,7-May-20,,,
140,Whitetail,D,Sauvignon blanc,317,3309,E-W,drip and overhead,29,8,north,cordon,south,7-May-20,,,
141,Whitetail,D,Sauvignon blanc,317,3309,E-W,drip and overhead,29,9,north,cordon,north,7-May-20,,,
142,Whitetail,D,Sauvignon blanc,317,3309,E-W,drip and overhead,29,10,north,cordon,north,7-May-20,,,
143,Whitetail,D,Sauvignon blanc,317,3309,E-W,drip and overhead,29,11,north,cordon,north,7-May-20,,,
144,Whitetail,D,Sauvignon blanc,317,3309,E-W,drip and overhead,29,13,north,cane,south,7-May-20,,plant 12 had no live buds,
145,Whitetail,D,Sauvignon blanc,317,3309,E-W,drip and overhead,30,7,south,cordon,south,7-May-20,,,
146,Whitetail,D,Sauvignon blanc,317,3309,E-W,drip and overhead,30,8,south,cordon,south,7-May-20,,,
147,Whitetail,D,Sauvignon blanc,317,3309,E-W,drip and overhead,30,9,south,cordon,south,7-May-20,,,
148,Whitetail,D,Sauvignon blanc,317,3309,E-W,drip and overhead,30,10,south,cordon,south,7-May-20,,,
149,Whitetail,D,Sauvignon blanc,317,3309,E-W,drip and overhead,30,11,south,cordon,north,7-May-20,,,
150,Whitetail,D,Sauvignon blanc,317,3309,E-W,drip and overhead,30,12,south,cordon,north,7-May-20,,,
151,Whitetail,D,Sauvignon blanc,317,3309,E-W,drip and overhead,29,7,south,cane,south,7-May-20,,,
152,Whitetail,D,Sauvignon blanc,317,3309,E-W,drip and overhead,29,8,south,cordon,north,7-May-20,,no south cordon,
153,Whitetail,D,Sauvignon blanc,317,3309,E-W,drip and overhead,29,9,south,cordon,north,7-May-20,,,
154,Whitetail,D,Sauvignon blanc,317,3309,E-W,drip and overhead,29,10,south,cane/cordon,north,7-May-20,,,
155,Whitetail,D,Sauvignon blanc,317,3309,E-W,drip and overhead,29,11,south,cordon,north,7-May-20,,,
156,Whitetail,D,Sauvignon blanc,317,3309,E-W,drip and overhead,29,12,south,cordon,north,7-May-20,,,
157,Whitetail,D,Sauvignon blanc,317,3309,E-W,drip and overhead,29,67,south,cane/cordon,south,7-May-20,,top of hill,
158,Whitetail,D,Sauvignon blanc,317,3309,E-W,drip and overhead,29,68,south,cordon,north,7-May-20,,top of hill,
159,Whitetail,D,Sauvignon blanc,317,3309,E-W,drip and overhead,29,69,south,cordon,north,7-May-20,,top of hill,
160,Whitetail,D,Sauvignon blanc,317,3309,E-W,drip and overhead,29,70,south,cordon,north,7-May-20,,top of hill,
161,Whitetail,D,Sauvignon blanc,317,3309,E-W,drip and overhead,29,72,south,cordon,south,7-May-20,,"top of hill, 71 was baby vine - skipped",
162,Whitetail,D,Sauvignon blanc,317,3309,E-W,drip and overhead,29,73,south,cordon,north,7-May-20,,top of hill,
163,Whitetail,D,Sauvignon blanc,317,3309,E-W,drip and overhead,30,67,south,cordon,north,7-May-20,,,
164,Whitetail,D,Sauvignon blanc,317,3309,E-W,drip and overhead,30,68,south,cordon,south,7-May-20,,,
165,Whitetail,D,Sauvignon blanc,317,3309,E-W,drip and overhead,30,69,south,cordon,north,7-May-20,,,
166,Whitetail,D,Sauvignon blanc,317,3309,E-W,drip and overhead,30,70,south,cordon,south,7-May-20,,,
167,Whitetail,D,Sauvignon blanc,317,3309,E-W,drip and overhead,30,71,south,cane,south,7-May-20,,,
168,Whitetail,D,Sauvignon blanc,317,3309,E-W,drip and overhead,30,73,south,cordon,north,7-May-20,,72 was baby vine - skipped,
169,Whitetail,F,Cabernet sauvignon,191,101-14,SW-NE,drip and overhead,15,7,nw,cordon,nw,7-May-20,,,
170,Whitetail,F,Cabernet sauvignon,192,101-15,SW-NE,drip and overhead,15,9,nw,cordon,se,7-May-20,,plant 8 too young,
171,Whitetail,F,Cabernet sauvignon,193,101-16,SW-NE,drip and overhead,15,10,nw,cordon,se,7-May-20,,,
172,Whitetail,F,Cabernet sauvignon,194,101-17,SW-NE,drip and overhead,15,11,nw,cordon,nw,7-May-20,,,
173,Whitetail,F,Cabernet sauvignon,195,101-18,SW-NE,drip and overhead,15,12,nw,cordon,se,7-May-20,,,
174,Whitetail,F,Cabernet sauvignon,196,101-19,SW-NE,drip and overhead,15,13,nw,cordon,nw,7-May-20,,,
175,Whitetail,F,Cabernet sauvignon,197,101-20,SW-NE,drip and overhead,16,10,nw,cordon,nw,7-May-20,,,
176,Whitetail,F,Cabernet sauvignon,198,101-21,SW-NE,drip and overhead,16,11,nw,cordon,nw,7-May-20,,,
177,Whitetail,F,Cabernet sauvignon,199,101-22,SW-NE,drip and overhead,16,12,nw,cordon,se,7-May-20,,,
178,Whitetail,F,Cabernet sauvignon,200,101-23,SW-NE,drip and overhead,16,14,nw,cordon,se,7-May-20,,plant 14 too young,
179,Whitetail,F,Cabernet sauvignon,201,101-24,SW-NE,drip and overhead,16,15,nw,cordon,nw,7-May-20,,,
180,Whitetail,F,Cabernet sauvignon,202,101-25,SW-NE,drip and overhead,16,16,nw,cordon,nw,7-May-20,,,
181,Whitetail,F,Cabernet sauvignon,203,101-26,SW-NE,drip and overhead,16,,,cane/cordon,se,7-May-20,,check plant position,
182,Whitetail,F,Cabernet sauvignon,204,101-27,SW-NE,drip and overhead,16,,,cane/cordon,nw,7-May-20,,check plant position,
183,Whitetail,F,Cabernet sauvignon,205,101-28,SW-NE,drip and overhead,16,,,cordon,nw,7-May-20,,"check plant position, no SE cordon",
184,Whitetail,F,Cabernet sauvignon,206,101-29,SW-NE,drip and overhead,16,,,cane,nw,7-May-20,,check plant position,
185,Whitetail,F,Cabernet sauvignon,207,101-30,SW-NE,drip and overhead,16,,,cordon,nw,7-May-20,,check plant position,
186,Whitetail,F,Cabernet sauvignon,208,101-31,SW-NE,drip and overhead,16,,,cane/cordon,se,7-May-20,,check plant position,
187,Whitetail,F,Cabernet sauvignon,209,101-32,SW-NE,drip and overhead,15,,,cane/cordon,nw,7-May-20,,check plant position,
188,Whitetail,F,Cabernet sauvignon,210,101-33,SW-NE,drip and overhead,15,,,cane/cordon,nw,7-May-20,,check plant position,
189,Whitetail,F,Cabernet sauvignon,211,101-34,SW-NE,drip and overhead,15,,,cordon,se,7-May-20,,check plant position,
190,Whitetail,F,Cabernet sauvignon,212,101-35,SW-NE,drip and overhead,15,,,cane,se,7-May-20,,check plant position,
191,Whitetail,F,Cabernet sauvignon,213,101-36,SW-NE,drip and overhead,15,,,cane/cordon,se,7-May-20,,check plant position,
192,Whitetail,F,Cabernet sauvignon,214,101-37,SW-NE,drip and overhead,15,,,cane/cordon,nw,7-May-20,,check plant position,
193,Whitetail,F,Cabernet sauvignon,215,101-38,SW-NE,drip and overhead,58,51?,,cordon,se,7-May-20,,check plant and direction of count,
194,Whitetail,F,Cabernet sauvignon,216,101-39,SW-NE,drip and overhead,58,52?,,cane/cordon,nw,7-May-20,,check plant and direction of count,
195,Whitetail,F,Cabernet sauvignon,217,101-40,SW-NE,drip and overhead,58,53?,,cordon,nw,7-May-20,,check plant and direction of count,
196,Whitetail,F,Cabernet sauvignon,218,101-41,SW-NE,drip and overhead,58,54?,,cane/cordon,nw,7-May-20,,check plant and direction of count,
197,Whitetail,F,Cabernet sauvignon,219,101-42,SW-NE,drip and overhead,58,55?,,cane/cordon,se,7-May-20,,check plant and direction of count,
198,Whitetail,F,Cabernet sauvignon,220,101-43,SW-NE,drip and overhead,58,57?,,cordon,nw,7-May-20,,plant 56(?) too young,
199,Whitetail,F,Cabernet sauvignon,221,101-44,SW-NE,drip and overhead,57,56?,,cordon,nw,7-May-20,,check plant and direction of count,
200,Whitetail,F,Cabernet sauvignon,222,101-45,SW-NE,drip and overhead,57,57?,,cordon,nw,7-May-20,,check plant and direction of count,
201,Whitetail,F,Cabernet sauvignon,223,101-46,SW-NE,drip and overhead,57,58?,,cordon,nw,7-May-20,,check plant and direction of count,
202,Whitetail,F,Cabernet sauvignon,224,101-47,SW-NE,drip and overhead,57,59?,,cordon,nw,7-May-20,,check plant and direction of count,
203,Whitetail,F,Cabernet sauvignon,225,101-48,SW-NE,drip and overhead,57,60?,,cane/cordon,nw,7-May-20,,check plant and direction of count,
204,Whitetail,F,Cabernet sauvignon,226,101-49,SW-NE,drip and overhead,57,61?,,cordon,se,7-May-20,,check plant and direction of count,
205,McIntyre,Q,Cabernet sauvignon,15,B,E-W,drip and overhead,70,11,north,cane/cordon,south,7-May-20,,weather data logger on row 70,
206,McIntyre,Q,Cabernet sauvignon,16,B,E-W,drip and overhead,70,12,north,cane/cordon,south,7-May-20,,check that rows are not switched,
207,McIntyre,Q,Cabernet sauvignon,17,B,E-W,drip and overhead,70,13,north,cordon,south,7-May-20,,,
208,McIntyre,Q,Cabernet sauvignon,18,B,E-W,drip and overhead,70,14,north,cordon,north,7-May-20,,south spur had 2 buds,
209,McIntyre,Q,Cabernet sauvignon,19,B,E-W,drip and overhead,70,15,north,cordon,south,7-May-20,,plant 16 was too young,
210,McIntyre,Q,Cabernet sauvignon,20,B,E-W,drip and overhead,70,17,north,cordon,south,7-May-20,,north spur had 2 buds,
211,McIntyre,Q,Cabernet sauvignon,21,B,E-W,drip and overhead,69,11,north,cane/cordon,north,7-May-20,,,
212,McIntyre,Q,Cabernet sauvignon,22,B,E-W,drip and overhead,69,12,north,cane/cordon,north,7-May-20,,,
213,McIntyre,Q,Cabernet sauvignon,23,B,E-W,drip and overhead,69,13,north,cordon,south,7-May-20,,,
214,McIntyre,Q,Cabernet sauvignon,24,B,E-W,drip and overhead,69,14,north,cane/cordon,north,7-May-20,,,
215,McIntyre,Q,Cabernet sauvignon,25,B,E-W,drip and overhead,69,15,north,cane/cordon,south,7-May-20,,,
216,McIntyre,Q,Cabernet sauvignon,26,B,E-W,drip and overhead,69,16,north,cane,north,7-May-20,,,
217,McIntyre,Q,Cabernet sauvignon,27,B,E-W,drip and overhead,69,7,south,cordon,south,7-May-20,,,
218,McIntyre,Q,Cabernet sauvignon,28,B,E-W,drip and overhead,69,8,south,cordon,north,7-May-20,,,
219,McIntyre,Q,Cabernet sauvignon,29,B,E-W,drip and overhead,69,9,south,cordon,north,7-May-20,,,
220,McIntyre,Q,Cabernet sauvignon,30,B,E-W,drip and overhead,69,10,south,cane/cordon,north,7-May-20,,,
221,McIntyre,Q,Cabernet sauvignon,31,B,E-W,drip and overhead,69,11,south,cordon,south,7-May-20,,,
222,McIntyre,Q,Cabernet sauvignon,32,B,E-W,drip and overhead,69,12,south,cordon,south,7-May-20,,,
223,McIntyre,Q,Cabernet sauvignon,33,B,E-W,drip and overhead,70,9,south,cordon,north,7-May-20,,,
224,McIntyre,Q,Cabernet sauvignon,34,B,E-W,drip and overhead,70,10,south,cordon,north,7-May-20,,,
225,McIntyre,Q,Cabernet sauvignon,35,B,E-W,drip and overhead,70,11,south,cordon,north,7-May-20,,,
226,McIntyre,Q,Cabernet sauvignon,36,B,E-W,drip and overhead,70,12,south,cordon,south,7-May-20,,,
227,McIntyre,Q,Cabernet sauvignon,37,B,E-W,drip and overhead,70,13,south,cordon,north,7-May-20,,south spur had 2 buds,
228,McIntyre,Q,Cabernet sauvignon,38,B,E-W,drip and overhead,70,14,south,cordon,south,7-May-20,,,
229,McIntyre,O,Pinot noir,777,S04,E-W,overhead sprinklers,8,7,south,cane/cordon,north,7-May-20,,,
230,McIntyre,O,Pinot noir,778,S05,E-W,overhead sprinklers,8,8,south,cane,south,7-May-20,,,
231,McIntyre,O,Pinot noir,779,S06,E-W,overhead sprinklers,8,9,south,cane,south,7-May-20,,,
232,McIntyre,O,Pinot noir,780,S07,E-W,overhead sprinklers,8,10,south,cane,north,7-May-20,,,
233,McIntyre,O,Pinot noir,781,S08,E-W,overhead sprinklers,8,11,south,cane/cordon,north,7-May-20,,,
234,McIntyre,O,Pinot noir,782,S09,E-W,overhead sprinklers,8,12,south,cordon,south,7-May-20,,,
235,McIntyre,O,Pinot noir,783,S10,E-W,overhead sprinklers,7,9,south,cane/cordon,south,7-May-20,,,
236,McIntyre,O,Pinot noir,784,S11,E-W,overhead sprinklers,7,10,south,cordon,north,7-May-20,,,
237,McIntyre,O,Pinot noir,785,S12,E-W,overhead sprinklers,7,11,south,cane,north,7-May-20,,,
238,McIntyre,O,Pinot noir,786,S13,E-W,overhead sprinklers,7,12,south,cane,north,7-May-20,,,
239,McIntyre,O,Pinot noir,787,S14,E-W,overhead sprinklers,7,13,south,cane,north,7-May-20,,,
240,McIntyre,O,Pinot noir,788,S15,E-W,overhead sprinklers,7,14,south,cordon,south,7-May-20,,,
241,McIntyre,O,Pinot noir,789,S16,E-W,overhead sprinklers,29,49,south,cordon,north,7-May-20,,,
242,McIntyre,O,Pinot noir,790,S17,E-W,overhead sprinklers,29,50,south,cane/cordon,south,7-May-20,,,
243,McIntyre,O,Pinot noir,791,S18,E-W,overhead sprinklers,29,51,south,cane/cordon,south,7-May-20,,,
244,McIntyre,O,Pinot noir,792,S19,E-W,overhead sprinklers,29,52,south,cane/cordon,north,7-May-20,,,
245,McIntyre,O,Pinot noir,793,S20,E-W,overhead sprinklers,29,53,south,cordon,south,7-May-20,,,
246,McIntyre,O,Pinot noir,794,S21,E-W,overhead sprinklers,29,54,south,cane/cordon,north,7-May-20,,,
247,McIntyre,O,Pinot noir,795,S22,E-W,overhead sprinklers,28,50,south,cordon,south,7-May-20,,,
248,McIntyre,O,Pinot noir,796,S23,E-W,overhead sprinklers,28,51,south,cordon,north,7-May-20,,,
249,McIntyre,O,Pinot noir,797,S24,E-W,overhead sprinklers,28,52,south,cordon,north,7-May-20,,,
250,McIntyre,O,Pinot noir,798,S25,E-W,overhead sprinklers,28,53,south,cordon,north,7-May-20,,,
251,McIntyre,O,Pinot noir,799,S26,E-W,overhead sprinklers,28,54,south,cordon,south,7-May-20,,,
252,McIntyre,O,Pinot noir,800,S27,E-W,overhead sprinklers,28,55,south,cordon,south,7-May-20,,,
253,McIntyre,O,Pinot noir,801,S28,E-W,overhead sprinklers,8,7,north,cane/cordon,north,7-May-20,,,
254,McIntyre,O,Pinot noir,802,S29,E-W,overhead sprinklers,8,8,north,cane,south,7-May-20,,,
255,McIntyre,O,Pinot noir,803,S30,E-W,overhead sprinklers,8,9,north,cane,north,7-May-20,,,
256,McIntyre,O,Pinot noir,804,S31,E-W,overhead sprinklers,8,10,north,cordon,north,7-May-20,,,
257,McIntyre,O,Pinot noir,805,S32,E-W,overhead sprinklers,8,11,north,cordon,south,7-May-20,,,
258,McIntyre,O,Pinot noir,806,S33,E-W,overhead sprinklers,8,12,north,cane/cordon,south,7-May-20,,,
259,McIntyre,O,Pinot noir,807,S34,E-W,overhead sprinklers,7,6,north,cordon,south,7-May-20,,,
260,McIntyre,O,Pinot noir,808,S35,E-W,overhead sprinklers,7,7,north,cane,north,7-May-20,,,
261,McIntyre,O,Pinot noir,809,S36,E-W,overhead sprinklers,7,8,north,cane/cordon,south,7-May-20,,,
262,McIntyre,O,Pinot noir,810,S37,E-W,overhead sprinklers,7,9,north,cordon,north,7-May-20,,,
263,McIntyre,O,Pinot noir,811,S38,E-W,overhead sprinklers,7,10,north,cordon,south,7-May-20,,,
264,McIntyre,O,Pinot noir,812,S39,E-W,overhead sprinklers,7,11,north,cordon,south,7-May-20,,,
265,McIntyre,J,Chardonnay,76,3309,E-W,overhead sprinklers,110,60,south,cordon,south,8-May-20,MC-J110mid,,
266,McIntyre,J,Chardonnay,76,3309,E-W,overhead sprinklers,110,59,south,cane/cordon,north,8-May-20,MC-J110mid,,
267,McIntyre,J,Chardonnay,76,3309,E-W,overhead sprinklers,110,58,south,cordon,north,8-May-20,MC-J110mid,,
268,McIntyre,J,Chardonnay,76,3309,E-W,overhead sprinklers,110,57,south,cordon,south,8-May-20,MC-J110mid,,
269,McIntyre,J,Chardonnay,76,3309,E-W,overhead sprinklers,110,56,south,cordon,north,8-May-20,MC-J110mid,,
270,McIntyre,J,Chardonnay,76,3309,E-W,overhead sprinklers,110,55,south,cordon,south,8-May-20,MC-J110mid,,
271,McIntyre,J,Chardonnay,76,3309,E-W,overhead sprinklers,110,60,south,cordon,south,8-May-20,MC-J110mid,south facing slope,
272,McIntyre,J,Chardonnay,76,3309,E-W,overhead sprinklers,110,59,south,cane/cordon,north,8-May-20,MC-J110mid,south facing slope,
273,McIntyre,J,Chardonnay,76,3309,E-W,overhead sprinklers,110,58,south,cordon,south,8-May-20,MC-J110mid,south facing slope,
274,McIntyre,J,Chardonnay,76,3309,E-W,overhead sprinklers,110,57,south,cordon,south,8-May-20,MC-J110mid,south facing slope,
275,McIntyre,J,Chardonnay,76,3309,E-W,overhead sprinklers,110,56,south,cordon,north,8-May-20,MC-J110mid,south facing slope,
276,McIntyre,J,Chardonnay,76,3309,E-W,overhead sprinklers,110,55,south,cordon,north,8-May-20,MC-J110mid,south facing slope,
277,McIntyre,J,Chardonnay,76,3309,E-W,overhead sprinklers,23,7,south,cordon,north,8-May-20,MC-J22s,,
278,McIntyre,J,Chardonnay,76,3309,E-W,overhead sprinklers,23,8,south,cordon,south,8-May-20,MC-J22s,,
279,McIntyre,J,Chardonnay,76,3309,E-W,overhead sprinklers,23,9,south,cane/cordon,north,8-May-20,MC-J22s,,
280,McIntyre,J,Chardonnay,76,3309,E-W,overhead sprinklers,23,10,south,cane/cordon,south,8-May-20,MC-J22s,,
281,McIntyre,J,Chardonnay,76,3309,E-W,overhead sprinklers,23,11,south,cane/cordon,south,8-May-20,MC-J22s,north cane had 2 buds,
282,McIntyre,J,Chardonnay,76,3309,E-W,overhead sprinklers,23,12,south,cane/cordon,south,8-May-20,MC-J22s,,
283,McIntyre,J,Chardonnay,76,3309,E-W,overhead sprinklers,22,7,south,cordon,north,8-May-20,MC-J22s,,
284,McIntyre,J,Chardonnay,76,3309,E-W,overhead sprinklers,22,8,south,cordon,south,8-May-20,MC-J22s,,
285,McIntyre,J,Chardonnay,76,3309,E-W,overhead sprinklers,22,9,south,cane/cordon,north,8-May-20,MC-J22s,,
286,McIntyre,J,Chardonnay,76,3309,E-W,overhead sprinklers,22,10,south,cane/cordon,north,8-May-20,MC-J22s,,
287,McIntyre,J,Chardonnay,76,3309,E-W,overhead sprinklers,22,11,south,cane/cordon,south,8-May-20,MC-J22s,,
288,McIntyre,J,Chardonnay,76,3309,E-W,overhead sprinklers,22,12,south,cordon,north,8-May-20,MC-J22s,,
289,NM'MIP,C,Shiraz,877,101-14,N-S,drip and low sprinklers,29,7,west,cordon,east,8-May-20,NK-C28w,,
290,NM'MIP,C,Shiraz,878,101-15,N-S,drip and low sprinklers,29,12,west,cane,west,8-May-20,NK-C28w,"plants 8,9,10,11 too young",
291,NM'MIP,C,Shiraz,879,101-16,N-S,drip and low sprinklers,29,13,west,cordon,east,8-May-20,NK-C28w,,
292,NM'MIP,C,Shiraz,880,101-17,N-S,drip and low sprinklers,29,14,west,cordon,east,8-May-20,NK-C28w,,
293,NM'MIP,C,Shiraz,881,101-18,N-S,drip and low sprinklers,29,16,west,cane,west,8-May-20,NK-C28w,plant 15 too young,
294,NM'MIP,C,Shiraz,882,101-19,N-S,drip and low sprinklers,29,17,west,cordon,west,8-May-20,NK-C28w,,
295,NM'MIP,C,Shiraz,883,101-20,N-S,drip and low sprinklers,28,8,west,cordon,west,8-May-20,NK-C28w,,
296,NM'MIP,C,Shiraz,884,101-21,N-S,drip and low sprinklers,28,9,west,cordon,east,8-May-20,NK-C28w,,
297,NM'MIP,C,Shiraz,885,101-22,N-S,drip and low sprinklers,28,10,west,cordon,west,8-May-20,NK-C28w,,
298,NM'MIP,C,Shiraz,886,101-23,N-S,drip and low sprinklers,28,11,west,cordon,west,8-May-20,NK-C28w,spurs on plant 12 did not have 2 buds,
299,NM'MIP,C,Shiraz,887,101-24,N-S,drip and low sprinklers,28,13,west,cordon,east,8-May-20,NK-C28w,,
300,NM'MIP,C,Shiraz,888,101-25,N-S,drip and low sprinklers,28,14,west,cordon,east,8-May-20,NK-C28w,,
301,NM'MIP,C,Shiraz,889,101-26,N-S,drip and low sprinklers,29,7,east,cordon,west,8-May-20,NK-C28e,,
302,NM'MIP,C,Shiraz,890,101-27,N-S,drip and low sprinklers,29,8,east,cane/cordon,east,8-May-20,NK-C28e,,
303,NM'MIP,C,Shiraz,891,101-28,N-S,drip and low sprinklers,29,10,east,cordon,west,8-May-20,NK-C28e,spurs on plant 9 did not have 3 buds,
304,NM'MIP,C,Shiraz,892,101-29,N-S,drip and low sprinklers,29,11,east,cordon,west,8-May-20,NK-C28e,,
305,NM'MIP,C,Shiraz,893,101-30,N-S,drip and low sprinklers,29,12,east,cordon,west,8-May-20,NK-C28e,,
306,NM'MIP,C,Shiraz,894,101-31,N-S,drip and low sprinklers,29,13,east,cordon,east,8-May-20,NK-C28e,,
307,NM'MIP,C,Shiraz,895,101-32,N-S,drip and low sprinklers,28,8,east,cane/cordon,east,8-May-20,NK-C28e,,
308,NM'MIP,C,Shiraz,896,101-33,N-S,drip and low sprinklers,28,9,east,cordon,east,8-May-20,NK-C28e,,
309,NM'MIP,C,Shiraz,897,101-34,N-S,drip and low sprinklers,28,10,east,cane/cordon,west,8-May-20,NK-C28e,,
310,NM'MIP,C,Shiraz,898,101-35,N-S,drip and low sprinklers,28,11,east,cordon,west,8-May-20,NK-C28e,,
311,NM'MIP,C,Shiraz,899,101-36,N-S,drip and low sprinklers,28,12,east,cane/cordon,west,8-May-20,NK-C28e,,
312,NM'MIP,C,Shiraz,900,101-37,N-S,drip and low sprinklers,28,13,east,cordon,east,8-May-20,NK-C28e,,
313,NM'MIP,C,Shiraz,901,101-38,N-S,drip and low sprinklers,38,30,east,cane/cordon,east,8-May-20,NK-C38mid,,
314,NM'MIP,C,Shiraz,902,101-39,N-S,drip and low sprinklers,38,31,east,cordon,east,8-May-20,NK-C38mid,,
315,NM'MIP,C,Shiraz,903,101-40,N-S,drip and low sprinklers,38,32,east,cordon,east,8-May-20,NK-C38mid,,
316,NM'MIP,C,Shiraz,904,101-41,N-S,drip and low sprinklers,38,33,east,cordon,east,8-May-20,NK-C38mid,,
317,NM'MIP,C,Shiraz,905,101-42,N-S,drip and low sprinklers,38,35,east,cordon,east,8-May-20,NK-C38mid,plant 34 is too young,
318,NM'MIP,C,Shiraz,906,101-43,N-S,drip and low sprinklers,38,36,east,cordon,west,8-May-20,NK-C38mid,no east cane,
319,NM'MIP,C,Shiraz,907,101-44,N-S,drip and low sprinklers,39,31,east,cordon,east,8-May-20,NK-C38mid,,
320,NM'MIP,C,Shiraz,908,101-45,N-S,drip and low sprinklers,39,32,east,cordon,east,8-May-20,NK-C38mid,,
321,NM'MIP,C,Shiraz,909,101-46,N-S,drip and low sprinklers,39,33,east,cordon,east,8-May-20,NK-C38mid,,
322,NM'MIP,C,Shiraz,910,101-47,N-S,drip and low sprinklers,39,34,east,cane/cordon,east,8-May-20,NK-C38mid,,
323,NM'MIP,C,Shiraz,911,101-48,N-S,drip and low sprinklers,39,36,west,cane/cordon,west,8-May-20,NK-C38mid,plant 35 too young,
324,NM'MIP,C,Shiraz,912,101-49,N-S,drip and low sprinklers,39,38,east,cordon,east,8-May-20,NK-C38mid,plant 37 too young,
325,NM'MIP,G,Merlot,181,3309,N-S,drip and low sprinklers,45,7,east,cordon,west,8-May-20,NK-G44e,east cordon had 2 buds,
326,NM'MIP,G,Merlot,181,3309,N-S,drip and low sprinklers,45,8,east,cordon,east,8-May-20,NK-G44e,,
327,NM'MIP,G,Merlot,181,3309,N-S,drip and low sprinklers,45,9,east,cordon,west,8-May-20,NK-G44e,,
328,NM'MIP,G,Merlot,181,3309,N-S,drip and low sprinklers,45,10,east,cordon,east,8-May-20,NK-G44e,,
329,NM'MIP,G,Merlot,181,3309,N-S,drip and low sprinklers,45,11,east,cane/cordon,west,8-May-20,NK-G44e,,
330,NM'MIP,G,Merlot,181,3309,N-S,drip and low sprinklers,45,12,east,cordon,east,8-May-20,NK-G44e,,
331,NM'MIP,G,Merlot,181,3309,N-S,drip and low sprinklers,44,7,east,cane/cordon,west,8-May-20,NK-G44e,,
332,NM'MIP,G,Merlot,181,3309,N-S,drip and low sprinklers,44,8,east,cane,east,8-May-20,NK-G44e,,
333,NM'MIP,G,Merlot,181,3309,N-S,drip and low sprinklers,44,9,east,cane/cordon,east,8-May-20,NK-G44e,,
334,NM'MIP,G,Merlot,181,3309,N-S,drip and low sprinklers,44,10,east,cane/cordon,east,8-May-20,NK-G44e,,
335,NM'MIP,G,Merlot,181,3309,N-S,drip and low sprinklers,44,11,east,cane/cordon,west,8-May-20,NK-G44e,,
336,NM'MIP,G,Merlot,181,3309,N-S,drip and low sprinklers,44,12,east,cane,east,8-May-20,NK-G44e,,
337,NM'MIP,G,Merlot,181,3309,N-S,drip and low sprinklers,22,7,west,"half cordon, half cane",west,8-May-20,NK-G22w,,
338,NM'MIP,G,Merlot,181,3309,N-S,drip and low sprinklers,22,10,west,"half cordon, half cane",west,8-May-20,NK-G22w,"plants 8,9 too young",
339,NM'MIP,G,Merlot,181,3309,N-S,drip and low sprinklers,22,12,west,cordon,west,8-May-20,NK-G22w,plant 11 too young,
340,NM'MIP,G,Merlot,181,3309,N-S,drip and low sprinklers,22,13,west,cane/cordon,west,8-May-20,NK-G22w,,
341,NM'MIP,G,Merlot,181,3309,N-S,drip and low sprinklers,22,14,west,cane,west,8-May-20,NK-G22w,,
342,NM'MIP,G,Merlot,181,3309,N-S,drip and low sprinklers,22,15,west,cane/cordon,west,8-May-20,NK-G22w,,
343,NM'MIP,G,Merlot,181,3309,N-S,drip and low sprinklers,21,7,west,cane/cordon,west,8-May-20,NK-G22w,,
344,NM'MIP,G,Merlot,181,3309,N-S,drip and low sprinklers,21,8,west,cane/cordon,east,8-May-20,NK-G22w,,
345,NM'MIP,G,Merlot,181,3309,N-S,drip and low sprinklers,21,9,west,cordon,east,8-May-20,NK-G22w,west cordon had no buds,
346,NM'MIP,G,Merlot,181,3309,N-S,drip and low sprinklers,21,10,west,cordon,west,8-May-20,NK-G22w,east cane had been trained back in a loop,
347,NM'MIP,G,Merlot,181,3309,N-S,drip and low sprinklers,21,11,west,cane/cordon,east,8-May-20,NK-G22w,,
348,NM'MIP,G,Merlot,181,3309,N-S,drip and low sprinklers,21,12,west,cane,west,8-May-20,NK-G22w,,
349,NM'MIP,G,Merlot,181,3309,N-S,drip and low sprinklers,21,7,east,cane,west,8-May-20,NK-G22e,,
350,NM'MIP,G,Merlot,181,3309,N-S,drip and low sprinklers,21,8,east,cordon,west,8-May-20,NK-G22e,,
351,NM'MIP,G,Merlot,181,3309,N-S,drip and low sprinklers,21,9,east,cordon,east,8-May-20,NK-G22e,,
352,NM'MIP,G,Merlot,181,3309,N-S,drip and low sprinklers,21,10,east,cordon,west,8-May-20,NK-G22e,,
353,NM'MIP,G,Merlot,181,3309,N-S,drip and low sprinklers,21,11,east,cane,west,8-May-20,NK-G22e,,
354,NM'MIP,G,Merlot,181,3309,N-S,drip and low sprinklers,21,12,east,cane,west,8-May-20,NK-G22e,,
355,NM'MIP,G,Merlot,181,3309,N-S,drip and low sprinklers,22,7,east,cordon,east,8-May-20,NK-G22e,,
356,NM'MIP,G,Merlot,181,3309,N-S,drip and low sprinklers,22,8,east,cordon,east,8-May-20,NK-G22e,,
357,NM'MIP,G,Merlot,181,3309,N-S,drip and low sprinklers,22,9,east,cane/cordon,east,8-May-20,NK-G22e,,
358,NM'MIP,G,Merlot,181,3309,N-S,drip and low sprinklers,22,10,east,cordon,east,8-May-20,NK-G22e,,
359,NM'MIP,G,Merlot,181,3309,N-S,drip and low sprinklers,22,11,east,cordon,east,8-May-20,NK-G22e,,
360,NM'MIP,G,Merlot,181,3309,N-S,drip and low sprinklers,22,12,east,cordon,west,8-May-20,NK-G22e,,
361,NM'MIP,B,Cabernet sauvignon,191,RGM,N-S,drip and low sprinklers,54,25,west,cane/cordon,east,8-May-20,NK-B54mid,,
362,NM'MIP,B,Cabernet sauvignon,191,RGM,N-S,drip and low sprinklers,54,26,west,cordon,west,8-May-20,NK-B54mid,,
363,NM'MIP,B,Cabernet sauvignon,191,RGM,N-S,drip and low sprinklers,54,27,west,cordon,east,8-May-20,NK-B54mid,,
364,NM'MIP,B,Cabernet sauvignon,191,RGM,N-S,drip and low sprinklers,54,28,west,cane/cordon,west,8-May-20,NK-B54mid,,
365,NM'MIP,B,Cabernet sauvignon,191,RGM,N-S,drip and low sprinklers,54,29,west,cane,east,8-May-20,NK-B54mid,,
366,NM'MIP,B,Cabernet sauvignon,191,RGM,N-S,drip and low sprinklers,54,30,west,cane/cordon,east,8-May-20,NK-B54mid,,
367,NM'MIP,B,Cabernet sauvignon,191,RGM,N-S,drip and low sprinklers,53,25,west,cane,east,8-May-20,NK-B54mid,,
368,NM'MIP,B,Cabernet sauvignon,191,RGM,N-S,drip and low sprinklers,53,26,west,cane,east,8-May-20,NK-B54mid,,
369,NM'MIP,B,Cabernet sauvignon,191,RGM,N-S,drip and low sprinklers,53,27,west,cane/cordon,east,8-May-20,NK-B54mid,,
370,NM'MIP,B,Cabernet sauvignon,191,RGM,N-S,drip and low sprinklers,53,28,west,cordon,west,8-May-20,NK-B54mid,,
371,NM'MIP,B,Cabernet sauvignon,191,RGM,N-S,drip and low sprinklers,53,29,west,cordon,west,8-May-20,NK-B54mid,,
372,NM'MIP,B,Cabernet sauvignon,191,RGM,N-S,drip and low sprinklers,53,30,west,cordon,east,8-May-20,NK-B54mid,,
373,NM'MIP,B,Cabernet sauvignon,191,RGM,N-S,drip and low sprinklers,19,7,west,cane/cordon,east,8-May-20,NK-B18w,,
374,NM'MIP,B,Cabernet sauvignon,191,RGM,N-S,drip and low sprinklers,19,8,west,cane/cordon,east,8-May-20,NK-B18w,,
375,NM'MIP,B,Cabernet sauvignon,191,RGM,N-S,drip and low sprinklers,19,9,west,cordon,west,8-May-20,NK-B18w,,
376,NM'MIP,B,Cabernet sauvignon,191,RGM,N-S,drip and low sprinklers,19,10,west,cane/cordon,west,8-May-20,NK-B18w,,
377,NM'MIP,B,Cabernet sauvignon,191,RGM,N-S,drip and low sprinklers,19,11,west,cane/cordon,east,8-May-20,NK-B18w,,
378,NM'MIP,B,Cabernet sauvignon,191,RGM,N-S,drip and low sprinklers,19,12,west,cane,east,8-May-20,NK-B18w,,
379,NM'MIP,B,Cabernet sauvignon,191,RGM,N-S,drip and low sprinklers,18,6,west,cordon,east,8-May-20,NK-B18w,,
380,NM'MIP,B,Cabernet sauvignon,191,RGM,N-S,drip and low sprinklers,18,7,west,cordon,west,8-May-20,NK-B18w,,
381,NM'MIP,B,Cabernet sauvignon,191,RGM,N-S,drip and low sprinklers,18,8,west,cane/cordon,west,8-May-20,NK-B18w,,
382,NM'MIP,B,Cabernet sauvignon,191,RGM,N-S,drip and low sprinklers,18,9,west,cane,east,8-May-20,NK-B18w,,
383,NM'MIP,B,Cabernet sauvignon,191,RGM,N-S,drip and low sprinklers,18,10,west,cane/cordon,east,8-May-20,NK-B18w,,
384,NM'MIP,B,Cabernet sauvignon,191,RGM,N-S,drip and low sprinklers,18,11,west,cane,east,8-May-20,NK-B18w,,
385,NM'MIP,B,Cabernet sauvignon,191,RGM,N-S,drip and low sprinklers,18,7,east,cordon,west,8-May-20,NK-B18e,,
386,NM'MIP,B,Cabernet sauvignon,191,RGM,N-S,drip and low sprinklers,18,8,east,cane,west,8-May-20,NK-B18e,,
387,NM'MIP,B,Cabernet sauvignon,191,RGM,N-S,drip and low sprinklers,18,9,east,cane,west,8-May-20,NK-B18e,,
388,NM'MIP,B,Cabernet sauvignon,191,RGM,N-S,drip and low sprinklers,18,10,east,cordon,east,8-May-20,NK-B18e,,
389,NM'MIP,B,Cabernet sauvignon,191,RGM,N-S,drip and low sprinklers,18,11,east,cordon,west,8-May-20,NK-B18e,,
390,NM'MIP,B,Cabernet sauvignon,191,RGM,N-S,drip and low sprinklers,18,12,east,cordon,west,8-May-20,NK-B18e,,
391,NM'MIP,B,Cabernet sauvignon,191,RGM,N-S,drip and low sprinklers,19,7,east,cane/cordon,east,8-May-20,NK-B18e,,
392,NM'MIP,B,Cabernet sauvignon,191,RGM,N-S,drip and low sprinklers,19,8,east,cane/cordon,west,8-May-20,NK-B18e,,
393,NM'MIP,B,Cabernet sauvignon,191,RGM,N-S,drip and low sprinklers,19,9,east,cane/cordon,west,8-May-20,NK-B18e,,
394,NM'MIP,B,Cabernet sauvignon,191,RGM,N-S,drip and low sprinklers,19,10,east,cane/cordon,east,8-May-20,NK-B18e,,
395,NM'MIP,B,Cabernet sauvignon,191,RGM,N-S,drip and low sprinklers,19,11,east,cordon,east,8-May-20,NK-B18e,,
396,NM'MIP,B,Cabernet sauvignon,191,RGM,N-S,drip and low sprinklers,19,12,east,cane,west,8-May-20,NK-B18e,,
397,NM'MIP,F,Shiraz,100,RGM,NW-SE,lower sprinklers,5,5,west,cane/cordon,west,8-May-20,NK-F6,,
398,NM'MIP,F,Shiraz,101,RGM,NW-SE,lower sprinklers,5,7,west,cane,east,8-May-20,NK-F6,plant 6 too young,
399,NM'MIP,F,Shiraz,102,RGM,NW-SE,lower sprinklers,5,8,west,cordon,west,8-May-20,NK-F6,,
400,NM'MIP,F,Shiraz,103,RGM,NW-SE,lower sprinklers,5,9,west,cordon,west,8-May-20,NK-F6,,
401,NM'MIP,F,Shiraz,104,RGM,NW-SE,lower sprinklers,5,10,west,cordon,east,8-May-20,NK-F6,,
402,NM'MIP,F,Shiraz,105,RGM,NW-SE,lower sprinklers,5,11,west,cane/cordon,east,8-May-20,NK-F6,,
403,NM'MIP,F,Shiraz,106,RGM,NW-SE,lower sprinklers,6,7,west,cordon,east,8-May-20,NK-F6,,
404,NM'MIP,F,Shiraz,107,RGM,NW-SE,lower sprinklers,6,8,west,cordon,west,8-May-20,NK-F6,,
405,NM'MIP,F,Shiraz,108,RGM,NW-SE,lower sprinklers,6,9,west,cordon,west,8-May-20,NK-F6,,
406,NM'MIP,F,Shiraz,109,RGM,NW-SE,lower sprinklers,6,10,west,cane/cordon,east,8-May-20,NK-F6,,
407,NM'MIP,F,Shiraz,110,RGM,NW-SE,lower sprinklers,6,11,west,cordon,west,8-May-20,NK-F6,,
408,NM'MIP,F,Shiraz,111,RGM,NW-SE,lower sprinklers,6,12,west,cane,west,8-May-20,NK-F6,,
409,NM'MIP,F,Shiraz,112,RGM,NW-SE,lower sprinklers,7,7,west,cordon,west,8-May-20,NK-F8,,
410,NM'MIP,F,Shiraz,113,RGM,NW-SE,lower sprinklers,7,8,west,cane/cordon,west,8-May-20,NK-F8,,
411,NM'MIP,F,Shiraz,114,RGM,NW-SE,lower sprinklers,7,9,west,cane/cordon,west,8-May-20,NK-F8,plant 10 cordons had 2 buds,
412,NM'MIP,F,Shiraz,115,RGM,NW-SE,lower sprinklers,7,11,west,cordon,west,8-May-20,NK-F8,no east cordon,
413,NM'MIP,F,Shiraz,116,RGM,NW-SE,lower sprinklers,7,12,west,cordon,east,8-May-20,NK-F8,no west cordon,
414,NM'MIP,F,Shiraz,117,RGM,NW-SE,lower sprinklers,7,13,west,cordon,west,8-May-20,NK-F8,,
415,NM'MIP,F,Shiraz,118,RGM,NW-SE,lower sprinklers,8,10,west,cordon,west,8-May-20,NK-F8,,
416,NM'MIP,F,Shiraz,119,RGM,NW-SE,lower sprinklers,8,11,west,cane/cordon,east,8-May-20,NK-F8,,
417,NM'MIP,F,Shiraz,120,RGM,NW-SE,lower sprinklers,8,12,west,cordon,east,8-May-20,NK-F8,,
418,NM'MIP,F,Shiraz,121,RGM,NW-SE,lower sprinklers,8,13,west,cane/cordon,west,8-May-20,NK-F8,,
419,NM'MIP,F,Shiraz,122,RGM,NW-SE,lower sprinklers,8,14,west,cordon,east,8-May-20,NK-F8,,
420,NM'MIP,F,Shiraz,123,RGM,NW-SE,lower sprinklers,8,15,west,cordon,east,8-May-20,NK-F8,,
421,Dark Horse,G,,,,,,,,,,,8-May-20,,,
422,,,,,,,,,,,,,8-May-20,,,
423,,,,,,,,,,,,,8-May-20,,,
424,,,,,,,,,,,,,8-May-20,,,
425,,,,,,,,,,,,,8-May-20,,,
426,,,,,,,,,,,,,8-May-20,,,
427,,,,,,,,,,,,,8-May-20,,,
428,,,,,,,,,,,,,8-May-20,,,
429,,,,,,,,,,,,,8-May-20,,,
430,,,,,,,,,,,,,8-May-20,,,
431,,,,,,,,,,,,,8-May-20,,,
432,,,,,,,,,,,,,8-May-20,,,
433,,,,,,,,,,,,,8-May-20,,,
434,,,,,,,,,,,,,8-May-20,,,
435,,,,,,,,,,,,,8-May-20,,,
436,,,,,,,,,,,,,8-May-20,,,
437,,,,,,,,,,,,,8-May-20,,,
438,,,,,,,,,,,,,8-May-20,,,
439,,,,,,,,,,,,,8-May-20,,,
440,,,,,,,,,,,,,8-May-20,,,
441,,,,,,,,,,,,,8-May-20,,,
442,,,,,,,,,,,,,8-May-20,,,
443,,,,,,,,,,,,,8-May-20,,,
444,,,,,,,,,,,,,8-May-20,,,
445,,,,,,,,,,,,,8-May-20,,,
446,,,,,,,,,,,,,8-May-20,,,
447,,,,,,,,,,,,,8-May-20,,,
448,,,,,,,,,,,,,8-May-20,,,
449,,,,,,,,,,,,,8-May-20,,,
450,,,,,,,,,,,,,8-May-20,,,
451,,,,,,,,,,,,,8-May-20,,,
452,,,,,,,,,,,,,8-May-20,,,
453,,,,,,,,,,,,,8-May-20,,,
454,,,,,,,,,,,,,8-May-20,,,
455,,,,,,,,,,,,,8-May-20,,,
456,,,,,,,,,,,,,8-May-20,,,
457,McIntyre,J,Chardonnay,76,3309,E-W,overhead sprinklers,22,7,north,cordon,south,8-May-20,MC-J22n,,
458,McIntyre,J,Chardonnay,76,3309,E-W,overhead sprinklers,22,8,north,cordon,south,8-May-20,MC-J22n,,
459,McIntyre,J,Chardonnay,76,3309,E-W,overhead sprinklers,22,9,north,cordon,south,8-May-20,MC-J22n,,
460,McIntyre,J,Chardonnay,76,3309,E-W,overhead sprinklers,22,10,north,cordon,north,8-May-20,MC-J22n,,
461,McIntyre,J,Chardonnay,76,3309,E-W,overhead sprinklers,22,11,north,cordon,north,8-May-20,MC-J22n,,
462,McIntyre,J,Chardonnay,76,3309,E-W,overhead sprinklers,22,12,north,cordon,south,8-May-20,MC-J22n,,
463,McIntyre,J,Chardonnay,76,3309,E-W,overhead sprinklers,23,7,north,cordon,south,8-May-20,MC-J22n,,
464,McIntyre,J,Chardonnay,76,3309,E-W,overhead sprinklers,23,8,north,cane/cordon,south,8-May-20,MC-J22n,,
465,McIntyre,J,Chardonnay,76,3309,E-W,overhead sprinklers,23,9,north,cane/cordon,south,8-May-20,MC-J22n,,
466,McIntyre,J,Chardonnay,76,3309,E-W,overhead sprinklers,23,10,north,cane,north,8-May-20,MC-J22n,,
467,McIntyre,J,Chardonnay,76,3309,E-W,overhead sprinklers,23,11,north,cordon,south,8-May-20,MC-J22n,,
468,McIntyre,J,Chardonnay,76,3309,E-W,overhead sprinklers,23,12,north,cordon,south,8-May-20,MC-J22n,,
469,McIntyre,C,Riesling,21B,S04,E-W,overhead sprinklers,38,7,north,cordon,north,8-May-20,MC-C38n,,
470,McIntyre,C,Riesling,21B,S04,E-W,overhead sprinklers,38,8,north,cane/cordon,south,8-May-20,MC-C38n,,
471,McIntyre,C,Riesling,21B,S04,E-W,overhead sprinklers,38,9,north,cordon,north,8-May-20,MC-C38n,,
472,McIntyre,C,Riesling,21B,S04,E-W,overhead sprinklers,38,10,north,cordon,south,8-May-20,MC-C38n,,
473,McIntyre,C,Riesling,21B,S04,E-W,overhead sprinklers,38,11,north,cane/cordon,north,8-May-20,MC-C38n,,
474,McIntyre,C,Riesling,21B,S04,E-W,overhead sprinklers,38,13,north,cane/cordon,north,8-May-20,MC-C38n,plant 12 too young,
475,McIntyre,C,Riesling,21B,S04,E-W,overhead sprinklers,39,8,north,cordon,north,8-May-20,MC-C38n,,
476,McIntyre,C,Riesling,21B,S04,E-W,overhead sprinklers,39,9,north,cane/cordon,north,8-May-20,MC-C38n,,
477,McIntyre,C,Riesling,21B,S04,E-W,overhead sprinklers,39,10,north,cane,south,8-May-20,MC-C38n,,
478,McIntyre,C,Riesling,21B,S04,E-W,overhead sprinklers,39,11,north,cane,north,8-May-20,MC-C38n,,
479,McIntyre,C,Riesling,21B,S04,E-W,overhead sprinklers,39,12,north,cane/cordon,north,8-May-20,MC-C38n,,
480,McIntyre,C,Riesling,21B,S04,E-W,overhead sprinklers,39,15,north,cordon,south,8-May-20,MC-C38n,"plants 13,14 too young",
481,McIntyre,C,Riesling,21B,S04,E-W,overhead sprinklers,39,7,south,cane/cordon,south,8-May-20,MC-C38s,,
482,McIntyre,C,Riesling,21B,S04,E-W,overhead sprinklers,39,8,south,cane/cordon,north,8-May-20,MC-C38s,,
483,McIntyre,C,Riesling,21B,S04,E-W,overhead sprinklers,39,10,south,cane/cordon,south,8-May-20,MC-C38s,plant 9 skipped,
484,McIntyre,C,Riesling,21B,S04,E-W,overhead sprinklers,39,11,south,cordon,south,8-May-20,MC-C38s,,
485,McIntyre,C,Riesling,21B,S04,E-W,overhead sprinklers,39,12,south,cane/cordon,north,8-May-20,MC-C38s,,
486,McIntyre,C,Riesling,21B,S04,E-W,overhead sprinklers,39,13,south,cane/cordon,south,8-May-20,MC-C38s,,
487,McIntyre,C,Riesling,21B,S04,E-W,overhead sprinklers,38,8,south,cane/cordon,south,8-May-20,MC-C38s,,
488,McIntyre,C,Riesling,21B,S04,E-W,overhead sprinklers,38,9,south,cane/cordon,south,8-May-20,MC-C38s,,
489,McIntyre,C,Riesling,21B,S04,E-W,overhead sprinklers,38,10,south,cordon,south,8-May-20,MC-C38s,,
490,McIntyre,C,Riesling,21B,S04,E-W,overhead sprinklers,38,11,south,cane/cordon,north,8-May-20,MC-C38s,,
491,McIntyre,C,Riesling,21B,S04,E-W,overhead sprinklers,38,12,south,cordon,south,8-May-20,MC-C38s,,
492,McIntyre,C,Riesling,21B,S04,E-W,overhead sprinklers,38,13,south,cordon,south,8-May-20,MC-C38s,,
493,McIntyre,C,Riesling,21B,S04,E-W,overhead sprinklers,26,39,south,cordon,north,8-May-20,MC-C27mid,,
494,McIntyre,C,Riesling,21B,S04,E-W,overhead sprinklers,26,40,south,cane/cordon,north,8-May-20,MC-C27mid,,
495,McIntyre,C,Riesling,21B,S04,E-W,overhead sprinklers,26,41,south,cane,north,8-May-20,MC-C27mid,,
496,McIntyre,C,Riesling,21B,S04,E-W,overhead sprinklers,26,42,south,cordon,south,8-May-20,MC-C27mid,,
497,McIntyre,C,Riesling,21B,S04,E-W,overhead sprinklers,26,43,south,cordon,south,8-May-20,MC-C27mid,,
498,McIntyre,C,Riesling,21B,S04,E-W,overhead sprinklers,26,44,south,cane/cordon,north,8-May-20,MC-C27mid,,
499,McIntyre,C,Riesling,21B,S04,E-W,overhead sprinklers,27,39,south,cane/cordon,south,8-May-20,MC-C27mid,,
500,McIntyre,C,Riesling,21B,S04,E-W,overhead sprinklers,27,40,south,cordon,north,8-May-20,MC-C27mid,,
501,McIntyre,C,Riesling,21B,S04,E-W,overhead sprinklers,27,41,south,cordon,south,8-May-20,MC-C27mid,,
502,McIntyre,C,Riesling,21B,S04,E-W,overhead sprinklers,27,42,south,cordon,south,8-May-20,MC-C27mid,,
503,McIntyre,C,Riesling,21B,S04,E-W,overhead sprinklers,27,43,south,cane/cordon,north,8-May-20,MC-C27mid,,
504,McIntyre,C,Riesling,21B,S04,E-W,overhead sprinklers,27,44,south,cordon,north,8-May-20,MC-C27mid,,
505,McIntyre,A,Riesling,49,S04,E-W,overhead sprinklers,10,7,south,cordon,south,8-May-20,MC-A10s,,
506,McIntyre,A,Riesling,49,S04,E-W,overhead sprinklers,10,8,south,cane,south,8-May-20,MC-A10s,,
507,McIntyre,A,Riesling,49,S04,E-W,overhead sprinklers,10,9,south,cane/cordon,south,8-May-20,MC-A10s,north codon did not have 3 spurs,
508,McIntyre,A,Riesling,49,S04,E-W,overhead sprinklers,10,10,south,cane,north,8-May-20,MC-A10s,plant 11 had unhealthy buds,
509,McIntyre,A,Riesling,49,S04,E-W,overhead sprinklers,10,12,south,cane,south,8-May-20,MC-A10s,,
510,McIntyre,A,Riesling,49,S04,E-W,overhead sprinklers,10,13,south,cane/cordon,south,8-May-20,MC-A10s,,
511,McIntyre,A,Riesling,49,S04,E-W,overhead sprinklers,11,7,south,cordon,north,8-May-20,MC-A10s,,
512,McIntyre,A,Riesling,49,S04,E-W,overhead sprinklers,11,8,south,cane,south,8-May-20,MC-A10s,no north cane,
513,McIntyre,A,Riesling,49,S04,E-W,overhead sprinklers,11,9,south,cane,south,8-May-20,MC-A10s,,
514,McIntyre,A,Riesling,49,S04,E-W,overhead sprinklers,11,10,south,cane/cordon,south,8-May-20,MC-A10s,,
515,McIntyre,A,Riesling,49,S04,E-W,overhead sprinklers,11,11,south,cordon,south,8-May-20,MC-A10s,north cordon did not have 3 spurs,
516,McIntyre,A,Riesling,49,S04,E-W,overhead sprinklers,11,12,south,cordon,north,8-May-20,MC-A10s,,
517,McIntyre,A,Riesling,49,S04,E-W,overhead sprinklers,31,50,south,cordon,north,8-May-20,MC-A30mid,,
518,McIntyre,A,Riesling,49,S04,E-W,overhead sprinklers,31,51,south,cane,south,8-May-20,MC-A30mid,,
519,McIntyre,A,Riesling,49,S04,E-W,overhead sprinklers,31,52,south,cane/cordon,south,8-May-20,MC-A30mid,,
520,McIntyre,A,Riesling,49,S04,E-W,overhead sprinklers,31,53,south,cane,north,8-May-20,MC-A30mid,plant 54 did not have 3 healthy spurs,
521,McIntyre,A,Riesling,49,S04,E-W,overhead sprinklers,31,54,south,cane,north,8-May-20,MC-A30mid,,
522,McIntyre,A,Riesling,49,S04,E-W,overhead sprinklers,31,55,south,cordon,south,8-May-20,MC-A30mid,,
523,McIntyre,A,Riesling,49,S04,E-W,overhead sprinklers,30,50,south,cordon,south,8-May-20,MC-A30mid,,
524,McIntyre,A,Riesling,49,S04,E-W,overhead sprinklers,30,51,south,cane/cordon,south,8-May-20,MC-A30mid,,
525,McIntyre,A,Riesling,49,S04,E-W,overhead sprinklers,30,52,south,cordon,north,8-May-20,MC-A30mid,,
526,McIntyre,A,Riesling,49,S04,E-W,overhead sprinklers,30,53,south,cordon,north,8-May-20,MC-A30mid,,
527,McIntyre,A,Riesling,49,S04,E-W,overhead sprinklers,30,54,south,cane/cordon,south,8-May-20,MC-A30mid,,
528,McIntyre,A,Riesling,49,S04,E-W,overhead sprinklers,30,55,south,cane/cordon,north,8-May-20,MC-A30mid,,
529,McIntyre,A,Riesling,49,S04,E-W,overhead sprinklers,10,7,north,"half cordon, half cane",south,8-May-20,MC-A10n,north cordon did not have enough buds,
530,McIntyre,A,Riesling,49,S04,E-W,overhead sprinklers,10,8,north,cane/cordon,north,8-May-20,MC-A10n,,
531,McIntyre,A,Riesling,49,S04,E-W,overhead sprinklers,10,9,north,cordon,north,8-May-20,MC-A10n,,
532,McIntyre,A,Riesling,49,S04,E-W,overhead sprinklers,10,10,north,cordon,south,8-May-20,MC-A10n,,
533,McIntyre,A,Riesling,49,S04,E-W,overhead sprinklers,10,11,north,cordon,south,8-May-20,MC-A10n,,
534,McIntyre,A,Riesling,49,S04,E-W,overhead sprinklers,10,12,north,cordon,south,8-May-20,MC-A10n,,
535,McIntyre,A,Riesling,49,S04,E-W,overhead sprinklers,11,7,north,cane,south,8-May-20,MC-A10n,,
536,McIntyre,A,Riesling,49,S04,E-W,overhead sprinklers,11,8,north,cordon,south,8-May-20,MC-A10n,,
537,McIntyre,A,Riesling,49,S04,E-W,overhead sprinklers,11,9,north,cane/cordon,north,8-May-20,MC-A10n,,
538,McIntyre,A,Riesling,49,S04,E-W,overhead sprinklers,11,10,north,cane/cordon,south,8-May-20,MC-A10n,,
539,McIntyre,A,Riesling,49,S04,E-W,overhead sprinklers,11,11,north,cordon,north,8-May-20,MC-A10n,,
540,McIntyre,A,Riesling,49,S04,E-W,overhead sprinklers,11,12,north,cordon,south,8-May-20,MC-A10n,,
541,McIntyre,E,Sauvignon blanc,317,3309,E-W,overhead sprinklers,12,7,north,cordon,south,8-May-20,MC-E12n,,
542,McIntyre,E,Sauvignon blanc,317,3309,E-W,overhead sprinklers,12,8,north,cane/cordon,north,8-May-20,MC-E12n,,
543,McIntyre,E,Sauvignon blanc,317,3309,E-W,overhead sprinklers,12,9,north,cordon,south,8-May-20,MC-E12n,,
544,McIntyre,E,Sauvignon blanc,317,3309,E-W,overhead sprinklers,12,10,north,cordon,south,8-May-20,MC-E12n,no north cordon,
545,McIntyre,E,Sauvignon blanc,317,3309,E-W,overhead sprinklers,12,11,north,cane/cordon,south,8-May-20,MC-E12n,,
546,McIntyre,E,Sauvignon blanc,317,3309,E-W,overhead sprinklers,12,12,north,cane/cordon,south,8-May-20,MC-E12n,,
547,McIntyre,E,Sauvignon blanc,317,3309,E-W,overhead sprinklers,11,7,north,cordon,north,8-May-20,MC-E12n,,
548,McIntyre,E,Sauvignon blanc,317,3309,E-W,overhead sprinklers,11,8,north,cane/cordon,north,8-May-20,MC-E12n,,
549,McIntyre,E,Sauvignon blanc,317,3309,E-W,overhead sprinklers,11,9,north,cane/cordon,north,8-May-20,MC-E12n,plant 10 too young,
550,McIntyre,E,Sauvignon blanc,317,3309,E-W,overhead sprinklers,11,11,north,cordon,south,8-May-20,MC-E12n,no north cordon,
551,McIntyre,E,Sauvignon blanc,317,3309,E-W,overhead sprinklers,11,12,north,cane/cordon,north,8-May-20,MC-E12n,,
552,McIntyre,E,Sauvignon blanc,317,3309,E-W,overhead sprinklers,11,13,north,cane/cordon,south,8-May-20,MC-E12n,,
553,McIntyre,E,Sauvignon blanc,317,3309,E-W,overhead sprinklers,44,50,north,cane/cordon,south,8-May-20,MC-E44mid,check plant position,
554,McIntyre,E,Sauvignon blanc,317,3309,E-W,overhead sprinklers,44,51,north,cane/cordon,north,8-May-20,MC-E44mid,check plant position,
555,McIntyre,E,Sauvignon blanc,317,3309,E-W,overhead sprinklers,44,52,north,cane,south,8-May-20,MC-E44mid,check plant position,
556,McIntyre,E,Sauvignon blanc,317,3309,E-W,overhead sprinklers,44,53,north,cane/cordon,north,8-May-20,MC-E44mid,check plant position,
557,McIntyre,E,Sauvignon blanc,317,3309,E-W,overhead sprinklers,44,54,north,cane,north,8-May-20,MC-E44mid,check plant position,
558,McIntyre,E,Sauvignon blanc,317,3309,E-W,overhead sprinklers,44,55,north,cordon,north,8-May-20,MC-E44mid,check plant position,
559,McIntyre,E,Sauvignon blanc,317,3309,E-W,overhead sprinklers,43,50,north,cane,north,8-May-20,MC-E44mid,check plant position,
560,McIntyre,E,Sauvignon blanc,317,3309,E-W,overhead sprinklers,43,51,north,cane,south,8-May-20,MC-E44mid,check plant position,
561,McIntyre,E,Sauvignon blanc,317,3309,E-W,overhead sprinklers,43,52,north,cordon,south,8-May-20,MC-E44mid,check plant position,
562,McIntyre,E,Sauvignon blanc,317,3309,E-W,overhead sprinklers,43,53,north,cordon,north,8-May-20,MC-E44mid,check plant position,
563,McIntyre,E,Sauvignon blanc,317,3309,E-W,overhead sprinklers,43,54,north,cane/cordon,north,8-May-20,MC-E44mid,check plant position,
564,McIntyre,E,Sauvignon blanc,317,3309,E-W,overhead sprinklers,43,55,north,cane/cordon,north,8-May-20,MC-E44mid,check plant position,
565,McIntyre,E,Sauvignon blanc,317,3309,E-W,overhead sprinklers,11,7,south,cane/cordon,south,8-May-20,MC-E12s,,
566,McIntyre,E,Sauvignon blanc,317,3309,E-W,overhead sprinklers,11,8,south,cane/cordon,north,8-May-20,MC-E12s,,
567,McIntyre,E,Sauvignon blanc,317,3309,E-W,overhead sprinklers,11,9,south,cordon,south,8-May-20,MC-E12s,,
568,McIntyre,E,Sauvignon blanc,317,3309,E-W,overhead sprinklers,11,10,south,cordon,south,8-May-20,MC-E12s,,
569,McIntyre,E,Sauvignon blanc,317,3309,E-W,overhead sprinklers,11,11,south,cordon,south,8-May-20,MC-E12s,,
570,McIntyre,E,Sauvignon blanc,317,3309,E-W,overhead sprinklers,11,12,south,cordon,north,8-May-20,MC-E12s,,
571,McIntyre,E,Sauvignon blanc,317,3309,E-W,overhead sprinklers,12,7,south,cordon,north,8-May-20,MC-E12s,,
572,McIntyre,E,Sauvignon blanc,317,3309,E-W,overhead sprinklers,12,9,south,cordon,north,8-May-20,MC-E12s,plant 8 too young,
573,McIntyre,E,Sauvignon blanc,317,3309,E-W,overhead sprinklers,12,10,south,cordon,south,8-May-20,MC-E12s,,
574,McIntyre,E,Sauvignon blanc,317,3309,E-W,overhead sprinklers,12,11,south,cordon,south,8-May-20,MC-E12s,,
575,McIntyre,E,Sauvignon blanc,317,3309,E-W,overhead sprinklers,12,12,south,cane,north,8-May-20,MC-E12s,no south cordon,
576,McIntyre,E,Sauvignon blanc,317,3309,E-W,overhead sprinklers,12,13,south,cane/cordon,south,8-May-20,MC-E12s,,
577,Quails Gate Estate,1-6qg,Sauvignon blanc,530,3309/144,E-W,drip irrigation,54,7,north,cane/cordon,south,9-May-20,QGE-1-6-54n,,
578,Quails Gate Estate,1-6qg,Sauvignon blanc,530,3309/144,E-W,drip irrigation,54,8,north,cordon,south,9-May-20,QGE-1-6-54n,,
579,Quails Gate Estate,1-6qg,Sauvignon blanc,530,3309/144,E-W,drip irrigation,54,9,north,cane/cordon,north,9-May-20,QGE-1-6-54n,north cordon had 2 spurs,
580,Quails Gate Estate,1-6qg,Sauvignon blanc,530,3309/144,E-W,drip irrigation,54,10,north,cane/cordon,north,9-May-20,QGE-1-6-54n,,
581,Quails Gate Estate,1-6qg,Sauvignon blanc,530,3309/144,E-W,drip irrigation,54,11,north,cordon,south,9-May-20,QGE-1-6-54n,,
582,Quails Gate Estate,1-6qg,Sauvignon blanc,530,3309/144,E-W,drip irrigation,54,12,north,cordon,south,9-May-20,QGE-1-6-54n,,
583,Quails Gate Estate,1-6qg,Sauvignon blanc,530,3309/144,E-W,drip irrigation,55,7,north,cordon,south,9-May-20,QGE-1-6-54n,no north cordon,
584,Quails Gate Estate,1-6qg,Sauvignon blanc,530,3309/144,E-W,drip irrigation,55,8,north,cordon,south,9-May-20,QGE-1-6-54n,,
585,Quails Gate Estate,1-6qg,Sauvignon blanc,530,3309/144,E-W,drip irrigation,55,9,north,cordon,north,9-May-20,QGE-1-6-54n,no south cordon,
586,Quails Gate Estate,1-6qg,Sauvignon blanc,530,3309/144,E-W,drip irrigation,55,10,north,cordon,north,9-May-20,QGE-1-6-54n,no south cordon,
587,Quails Gate Estate,1-6qg,Sauvignon blanc,530,3309/144,E-W,drip irrigation,55,11,north,cordon,south,9-May-20,QGE-1-6-54n,no north cordon,
588,Quails Gate Estate,1-6qg,Sauvignon blanc,530,3309/144,E-W,drip irrigation,55,12,north,cane/cordon,north,9-May-20,QGE-1-6-54n,,
589,Quails Gate Estate,1-6qg,Sauvignon blanc,530,3309/144,E-W,drip irrigation,54,48,north,cordon,south,9-May-20,QGE-1-6-54mid,,
590,Quails Gate Estate,1-6qg,Sauvignon blanc,530,3309/144,E-W,drip irrigation,54,49,north,cordon,north,9-May-20,QGE-1-6-54mid,,
591,Quails Gate Estate,1-6qg,Sauvignon blanc,530,3309/144,E-W,drip irrigation,54,50,north,cordon,south,9-May-20,QGE-1-6-54mid,,
592,Quails Gate Estate,1-6qg,Sauvignon blanc,530,3309/144,E-W,drip irrigation,54,51,north,cordon,north,9-May-20,QGE-1-6-54mid,no south cordon,
593,Quails Gate Estate,1-6qg,Sauvignon blanc,530,3309/144,E-W,drip irrigation,54,52,north,cane/cordon,south,9-May-20,QGE-1-6-54mid,,
594,Quails Gate Estate,1-6qg,Sauvignon blanc,530,3309/144,E-W,drip irrigation,54,53,north,cane/cordon,north,9-May-20,QGE-1-6-54mid,,
595,Quails Gate Estate,1-6qg,Sauvignon blanc,530,3309/144,E-W,drip irrigation,55,48,north,cordon,north,9-May-20,QGE-1-6-54mid,,
596,Quails Gate Estate,1-6qg,Sauvignon blanc,530,3309/144,E-W,drip irrigation,55,49,north,cordon,north,9-May-20,QGE-1-6-54mid,no south cordon,
597,Quails Gate Estate,1-6qg,Sauvignon blanc,530,3309/144,E-W,drip irrigation,55,50,north,cordon,north,9-May-20,QGE-1-6-54mid,no south cordon,
598,Quails Gate Estate,1-6qg,Sauvignon blanc,530,3309/144,E-W,drip irrigation,55,51,north,cordon,south,9-May-20,QGE-1-6-54mid,no north cordon,
599,Quails Gate Estate,1-6qg,Sauvignon blanc,530,3309/144,E-W,drip irrigation,55,52,north,cordon,north,9-May-20,QGE-1-6-54mid,no south cordon,
600,Quails Gate Estate,1-6qg,Sauvignon blanc,530,3309/144,E-W,drip irrigation,55,53,north,cordon,south,9-May-20,QGE-1-6-54mid,,
601,Quails Gate Estate,1-6qg,Sauvignon blanc,530,3309/144,E-W,drip irrigation,48,7,south,cordon,south,9-May-20,QGE-1-6-48n,no north cordon,
602,Quails Gate Estate,1-6qg,Sauvignon blanc,530,3309/144,E-W,drip irrigation,48,8,south,cordon,north,9-May-20,QGE-1-6-48n,"plant 9: no north cordon and south cordon too short, plant 10 did not have 3 spurs",
603,Quails Gate Estate,1-6qg,Sauvignon blanc,530,3309/144,E-W,drip irrigation,48,11,south,cordon,north,9-May-20,QGE-1-6-48n,no south cordon,
604,Quails Gate Estate,1-6qg,Sauvignon blanc,530,3309/144,E-W,drip irrigation,48,12,south,cordon,north,9-May-20,QGE-1-6-48n,no south cordon,
605,Quails Gate Estate,1-6qg,Sauvignon blanc,530,3309/144,E-W,drip irrigation,48,13,south,cordon,north,9-May-20,QGE-1-6-48n,14 prunned to trunk,
606,Quails Gate Estate,1-6qg,Sauvignon blanc,530,3309/144,E-W,drip irrigation,48,15,south,cordon,north,9-May-20,QGE-1-6-48n,,
607,Quails Gate Estate,1-6qg,Sauvignon blanc,530,3309/144,E-W,drip irrigation,,9,south,cordon,north,9-May-20,QGE-1-6-48n,"no south cordon, plant 10 too young, plant 11 did not have 3 spurs",
608,Quails Gate Estate,1-6qg,Sauvignon blanc,530,3309/144,E-W,drip irrigation,,12,south,cordon,north,9-May-20,QGE-1-6-48n,no south cordon,
609,Quails Gate Estate,1-6qg,Sauvignon blanc,530,3309/144,E-W,drip irrigation,,13,south,cane/cordon,south,9-May-20,QGE-1-6-48n,,
610,Quails Gate Estate,1-6qg,Sauvignon blanc,530,3309/144,E-W,drip irrigation,,14,south,cane/cordon,north,9-May-20,QGE-1-6-48n,"plant 15,17 had 2 spurs, plant 16 unhealthy",
611,Quails Gate Estate,1-6qg,Sauvignon blanc,530,3309/144,E-W,drip irrigation,,18,south,cordon,north,9-May-20,QGE-1-6-48n,,
612,Quails Gate Estate,1-6qg,Sauvignon blanc,530,3309/144,E-W,drip irrigation,,19,south,cordon,south,9-May-20,QGE-1-6-48n,no north cordon,
613,Quails Gate Estate,2-1qg,Syrah,887,3309,E-W,drip irrigation,14,7,north,cordon,north,9-May-20,QGE-2-1-14n,,"overall poor health in block, better on N side"
614,Quails Gate Estate,2-1qg,Syrah,887,3309,E-W,drip irrigation,14,8,north,cordon,south,9-May-20,QGE-2-1-14n,,
615,Quails Gate Estate,2-1qg,Syrah,887,3309,E-W,drip irrigation,14,9,north,cordon,north,9-May-20,QGE-2-1-14n,,
616,Quails Gate Estate,2-1qg,Syrah,887,3309,E-W,drip irrigation,14,10,north,cordon,north,9-May-20,QGE-2-1-14n,,
617,Quails Gate Estate,2-1qg,Syrah,887,3309,E-W,drip irrigation,14,11,north,cordon,north,9-May-20,QGE-2-1-14n,south buds damaged - cutworm?,
618,Quails Gate Estate,2-1qg,Syrah,887,3309,E-W,drip irrigation,14,12,north,cordon,south,9-May-20,QGE-2-1-14n,,
619,Quails Gate Estate,2-1qg,Syrah,887,3309,E-W,drip irrigation,13,8,north,cordon,south,9-May-20,QGE-2-1-14n,no north cordon,
620,Quails Gate Estate,2-1qg,Syrah,887,3309,E-W,drip irrigation,13,9,north,cordon,north,9-May-20,QGE-2-1-14n,,
621,Quails Gate Estate,2-1qg,Syrah,887,3309,E-W,drip irrigation,13,10,north,cordon,north,9-May-20,QGE-2-1-14n,,
622,Quails Gate Estate,2-1qg,Syrah,887,3309,E-W,drip irrigation,13,11,north,cordon,south,9-May-20,QGE-2-1-14n,,
623,Quails Gate Estate,2-1qg,Syrah,887,3309,E-W,drip irrigation,13,12,north,cordon,north,9-May-20,QGE-2-1-14n,,
624,Quails Gate Estate,2-1qg,Syrah,887,3309,E-W,drip irrigation,13,13,north,cordon,north,9-May-20,QGE-2-1-14n,,
625,Quails Gate Estate,2-1qg,Syrah,887,3309,E-W,drip irrigation,29,8,south,cordon,north,9-May-20,QGE-2-1-30s,,
626,Quails Gate Estate,2-1qg,Syrah,887,3309,E-W,drip irrigation,29,9,south,cordon,south,9-May-20,QGE-2-1-30s,,
627,Quails Gate Estate,2-1qg,Syrah,887,3309,E-W,drip irrigation,29,10,south,cordon,south,9-May-20,QGE-2-1-30s,,
628,Quails Gate Estate,2-1qg,Syrah,887,3309,E-W,drip irrigation,29,11,south,cordon,north,9-May-20,QGE-2-1-30s,"no south cordon, plant 12 too young",
629,Quails Gate Estate,2-1qg,Syrah,887,3309,E-W,drip irrigation,29,13,south,cordon,south,9-May-20,QGE-2-1-30s,no north cordon,
630,Quails Gate Estate,2-1qg,Syrah,887,3309,E-W,drip irrigation,29,14,south,cordon,south,9-May-20,QGE-2-1-30s,no north cordon,
631,Quails Gate Estate,2-1qg,Syrah,887,3309,E-W,drip irrigation,30,8,south,cordon,south,9-May-20,QGE-2-1-30s,plant 9 missing,
632,Quails Gate Estate,2-1qg,Syrah,887,3309,E-W,drip irrigation,30,10,south,cordon,north,9-May-20,QGE-2-1-30s,,
633,Quails Gate Estate,2-1qg,Syrah,887,3309,E-W,drip irrigation,30,11,south,cordon,north,9-May-20,QGE-2-1-30s,no south cordon,
634,Quails Gate Estate,2-1qg,Syrah,887,3309,E-W,drip irrigation,30,12,south,cordon,north,9-May-20,QGE-2-1-30s,,
635,Quails Gate Estate,2-1qg,Syrah,887,3309,E-W,drip irrigation,30,13,south,cordon,south,9-May-20,QGE-2-1-30s,,
636,Quails Gate Estate,2-1qg,Syrah,887,3309,E-W,drip irrigation,30,14,south,cordon,south,9-May-20,QGE-2-1-30s,,
637,Quails Gate Estate,2-1qg,Syrah,887,3309,E-W,drip irrigation,30,32,south,cordon,north,9-May-20,QGE-2-1-30mid,,
638,Quails Gate Estate,2-1qg,Syrah,887,3309,E-W,drip irrigation,30,33,south,cordon,north,9-May-20,QGE-2-1-30mid,no south cordon,
639,Quails Gate Estate,2-1qg,Syrah,887,3309,E-W,drip irrigation,30,34,south,cordon,south,9-May-20,QGE-2-1-30mid,,
640,Quails Gate Estate,2-1qg,Syrah,887,3309,E-W,drip irrigation,30,35,south,cordon,north,9-May-20,QGE-2-1-30mid,"plants 36,37,39 missing, plant 38 too young",
641,Quails Gate Estate,2-1qg,Syrah,887,3309,E-W,drip irrigation,30,40,south,cordon,north,9-May-20,QGE-2-1-30mid,,
642,Quails Gate Estate,2-1qg,Syrah,887,3309,E-W,drip irrigation,30,41,south,cordon,north,9-May-20,QGE-2-1-30mid,,
643,Quails Gate Estate,2-1qg,Syrah,887,3309,E-W,drip irrigation,29,34,south,cordon,south,9-May-20,QGE-2-1-30mid,no north cordon,
644,Quails Gate Estate,2-1qg,Syrah,887,3309,E-W,drip irrigation,29,35,south,cordon,south,9-May-20,QGE-2-1-30mid,,
645,Quails Gate Estate,2-1qg,Syrah,887,3309,E-W,drip irrigation,29,36,south,cordon,south,9-May-20,QGE-2-1-30mid,no north cordon,
646,Quails Gate Estate,2-1qg,Syrah,887,3309,E-W,drip irrigation,29,37,south,cordon,north,9-May-20,QGE-2-1-30mid,no south cordon,
647,Quails Gate Estate,2-1qg,Syrah,887,3309,E-W,drip irrigation,29,38,south,cordon,north,9-May-20,QGE-2-1-30mid,plant 39 too young,
648,Quails Gate Estate,2-1qg,Syrah,887,3309,E-W,drip irrigation,29,40,south,cordon,south,9-May-20,QGE-2-1-30mid,,
649,Quails Gate Estate,5-4qg,Chardonnay,809,S04/102,E-W,drip irrigation,34,6,south,cordon,south,9-May-20,QGE-5-4-34s,,
650,Quails Gate Estate,5-4qg,Chardonnay,809,S04/103,E-W,drip irrigation,34,7,south,cordon,north,9-May-20,QGE-5-4-34s,,
651,Quails Gate Estate,5-4qg,Chardonnay,809,S04/104,E-W,drip irrigation,34,8,south,cordon,north,9-May-20,QGE-5-4-34s,,
652,Quails Gate Estate,5-4qg,Chardonnay,809,S04/105,E-W,drip irrigation,34,9,south,cane/cordon,north,9-May-20,QGE-5-4-34s,,
653,Quails Gate Estate,5-4qg,Chardonnay,809,S04/106,E-W,drip irrigation,34,11,south,cordon,north,9-May-20,QGE-5-4-34s,plant 10 too young,
654,Quails Gate Estate,5-4qg,Chardonnay,809,S04/107,E-W,drip irrigation,34,13,south,cordon,south,9-May-20,QGE-5-4-34s,,
655,Quails Gate Estate,5-4qg,Chardonnay,809,S04/108,E-W,drip irrigation,33,7,south,cane/cordon,south,9-May-20,QGE-5-4-34s,,
656,Quails Gate Estate,5-4qg,Chardonnay,809,S04/109,E-W,drip irrigation,33,8,south,cane/cordon,north,9-May-20,QGE-5-4-34s,,
657,Quails Gate Estate,5-4qg,Chardonnay,809,S04/110,E-W,drip irrigation,33,9,south,cordon,north,9-May-20,QGE-5-4-34s,,
658,Quails Gate Estate,5-4qg,Chardonnay,809,S04/111,E-W,drip irrigation,33,10,south,cordon,south,9-May-20,QGE-5-4-34s,plant 11 buds damaged - cutworm?,
659,Quails Gate Estate,5-4qg,Chardonnay,809,S04/112,E-W,drip irrigation,33,12,south,cordon,south,9-May-20,QGE-5-4-34s,,
660,Quails Gate Estate,5-4qg,Chardonnay,809,S04/113,E-W,drip irrigation,33,13,south,cordon,north,9-May-20,QGE-5-4-34s,,
661,Quails Gate Estate,5-4qg,Chardonnay,809,S04/114,E-W,drip irrigation,33,7,north,cordon,north,9-May-20,QGE-5-4-34n,,
662,Quails Gate Estate,5-4qg,Chardonnay,809,S04/115,E-W,drip irrigation,33,8,north,cordon,north,9-May-20,QGE-5-4-34n,,
663,Quails Gate Estate,5-4qg,Chardonnay,809,S04/116,E-W,drip irrigation,33,9,north,cordon,south,9-May-20,QGE-5-4-34n,cutworm damage but some good buds,
664,Quails Gate Estate,5-4qg,Chardonnay,809,S04/117,E-W,drip irrigation,33,10,north,cordon,north,9-May-20,QGE-5-4-34n,,
665,Quails Gate Estate,5-4qg,Chardonnay,809,S04/118,E-W,drip irrigation,33,11,north,cordon,south,9-May-20,QGE-5-4-34n,,
666,Quails Gate Estate,5-4qg,Chardonnay,809,S04/119,E-W,drip irrigation,33,12,north,cordon,south,9-May-20,QGE-5-4-34n,,
667,Quails Gate Estate,5-4qg,Chardonnay,809,S04/120,E-W,drip irrigation,34,8,north,cordon,south,9-May-20,QGE-5-4-34n,,
668,Quails Gate Estate,5-4qg,Chardonnay,809,S04/121,E-W,drip irrigation,34,9,north,cordon,south,9-May-20,QGE-5-4-34n,,
669,Quails Gate Estate,5-4qg,Chardonnay,809,S04/122,E-W,drip irrigation,34,10,north,cordon,south,9-May-20,QGE-5-4-34n,,
670,Quails Gate Estate,5-4qg,Chardonnay,809,S04/123,E-W,drip irrigation,34,11,north,cordon,south,9-May-20,QGE-5-4-34n,north cordon was young,
671,Quails Gate Estate,5-4qg,Chardonnay,809,S04/124,E-W,drip irrigation,34,12,north,cordon,south,9-May-20,QGE-5-4-34n,north cordon was young,
672,Quails Gate Estate,5-4qg,Chardonnay,809,S04/125,E-W,drip irrigation,34,13,north,cordon,north,9-May-20,QGE-5-4-34n,south cordon young,
673,Quails Gate Estate,6-1qg,Merlot,181,3309,E-W,drip irrigation,41,7,south,cordon,south,9-May-20,QGE-6-1-40s,,
674,Quails Gate Estate,6-1qg,Merlot,181,3309,E-W,drip irrigation,41,8,south,cordon,north,9-May-20,QGE-6-1-40s,no south cordon,
675,Quails Gate Estate,6-1qg,Merlot,181,3309,E-W,drip irrigation,41,9,south,cordon,south,9-May-20,QGE-6-1-40s,plant 10 prunned to trunk,
676,Quails Gate Estate,6-1qg,Merlot,181,3309,E-W,drip irrigation,41,11,south,cordon,north,9-May-20,QGE-6-1-40s,,
677,Quails Gate Estate,6-1qg,Merlot,181,3309,E-W,drip irrigation,41,12,south,cordon,north,9-May-20,QGE-6-1-40s,,
678,Quails Gate Estate,6-1qg,Merlot,181,3309,E-W,drip irrigation,41,13,south,cordon,south,9-May-20,QGE-6-1-40s,no north cordon,
679,Quails Gate Estate,6-1qg,Merlot,181,3309,E-W,drip irrigation,40,7,south,cordon,south,9-May-20,QGE-6-1-40s,plant 8 doesn't have 3 buds/spurs,
680,Quails Gate Estate,6-1qg,Merlot,181,3309,E-W,drip irrigation,40,9,south,cordon,north,9-May-20,QGE-6-1-40s,,
681,Quails Gate Estate,6-1qg,Merlot,181,3309,E-W,drip irrigation,40,10,south,cordon,north,9-May-20,QGE-6-1-40s,,
682,Quails Gate Estate,6-1qg,Merlot,181,3309,E-W,drip irrigation,40,11,south,cordon,south,9-May-20,QGE-6-1-40s,,
683,Quails Gate Estate,6-1qg,Merlot,181,3309,E-W,drip irrigation,40,12,south,cordon,south,9-May-20,QGE-6-1-40s,north cordon did not have 3 spurs,
684,Quails Gate Estate,6-1qg,Merlot,181,3309,E-W,drip irrigation,40,13,south,cordon,south,9-May-20,QGE-6-1-40s,,
685,Quails Gate Estate,6-1qg,Merlot,181,3309,E-W,drip irrigation,41,9,north,cordon,south,9-May-20,QGE-6-1-40n,,
686,Quails Gate Estate,6-1qg,Merlot,181,3309,E-W,drip irrigation,41,10,north,cordon,south,9-May-20,QGE-6-1-40n,,
687,Quails Gate Estate,6-1qg,Merlot,181,3309,E-W,drip irrigation,41,11,north,cordon,north,9-May-20,QGE-6-1-40n,,
688,Quails Gate Estate,6-1qg,Merlot,181,3309,E-W,drip irrigation,41,12,north,cordon,south,9-May-20,QGE-6-1-40n,,
689,Quails Gate Estate,6-1qg,Merlot,181,3309,E-W,drip irrigation,41,13,north,cordon,south,9-May-20,QGE-6-1-40n,no north cordon,
690,Quails Gate Estate,6-1qg,Merlot,181,3309,E-W,drip irrigation,41,14,north,cordon,north,9-May-20,QGE-6-1-40n,,
691,Quails Gate Estate,6-1qg,Merlot,181,3309,E-W,drip irrigation,40,8,north,cane/cordon,south,9-May-20,QGE-6-1-40n,,
692,Quails Gate Estate,6-1qg,Merlot,181,3309,E-W,drip irrigation,40,9,north,cordon,south,9-May-20,QGE-6-1-40n,north cordon did not have 3 spurs,
693,Quails Gate Estate,6-1qg,Merlot,181,3309,E-W,drip irrigation,40,11,north,cordon,south,9-May-20,QGE-6-1-40n,plant 10 missing,
694,Quails Gate Estate,6-1qg,Merlot,181,3309,E-W,drip irrigation,40,12,north,cordon,north,9-May-20,QGE-6-1-40n,,
695,Quails Gate Estate,6-1qg,Merlot,181,3309,E-W,drip irrigation,40,13,north,cordon,north,9-May-20,QGE-6-1-40n,,
696,Quails Gate Estate,6-1qg,Merlot,181,3309,E-W,drip irrigation,40,14,north,cordon,south,9-May-20,QGE-6-1-40n,,
697,Quails Gate Estate,6-1qg,Merlot,181,3309,E-W,drip irrigation,54,30,north,cordon,north,9-May-20,,,
698,Quails Gate Estate,6-1qg,Merlot,181,3309,E-W,drip irrigation,54,31,north,cordon,north,9-May-20,,plant 32 had 2 spurs,
699,Quails Gate Estate,6-1qg,Merlot,181,3309,E-W,drip irrigation,54,33,north,cordon,north,9-May-20,,plant 34 prunned to trunk,
700,Quails Gate Estate,6-1qg,Merlot,181,3309,E-W,drip irrigation,54,35,north,cordon,north,9-May-20,,no south cordon,
701,Quails Gate Estate,6-1qg,Merlot,181,3309,E-W,drip irrigation,54,36,north,cordon,south,9-May-20,,,
702,Quails Gate Estate,6-1qg,Merlot,181,3309,E-W,drip irrigation,54,37,north,cordon,south,9-May-20,,no north cordon,
703,Quails Gate Estate,6-1qg,Merlot,181,3309,E-W,drip irrigation,53,30,north,cordon,north,9-May-20,,no south cordon,
704,Quails Gate Estate,6-1qg,Merlot,181,3309,E-W,drip irrigation,53,31,north,cordon,south,9-May-20,,no north cordon,
705,Quails Gate Estate,6-1qg,Merlot,181,3309,E-W,drip irrigation,53,,,,,9-May-20,,,
706,Quails Gate Estate,6-1qg,Merlot,181,3309,E-W,drip irrigation,53,,,,,9-May-20,,,
707,Quails Gate Estate,6-1qg,Merlot,181,3309,E-W,drip irrigation,53,,,,,9-May-20,,,
708,Quails Gate Estate,6-1qg,Merlot,181,3309,E-W,drip irrigation,53,,,,,9-May-20,,,