Location,Task Summary,Work Orders,Asset Number,Asset Identifier,Task Date,Recorded By,Stage,Date of Observation,Other observations,Proof,Asset Class,Asset Category,Asset Type,Project Identifier,Active,Active Date
FALSE,TRUE,FALSE,33841323548,"Pfliger, Brett • 3218 • 0",8/21/2019 12:22:29 PM,brett.sfevine,3,8/21/2019,,00000000-0000-0000-0000-000000000000,Admin / Staff,Staff,Employees Hourly / Salary,,TRUE,7/2/2019
TRUE,TRUE,FALSE,50020190030,8-7 Mannhardt,8/21/2019 12:00:47 PM,brett.sfevine,3,8/21/2019,,3951e0e5-902c-4e08-bb14-cf9be7b36a5b,Follow The Wine,01 Field Locations,Quails Gate Blocks,,TRUE,6/22/2017
TRUE,TRUE,FALSE,50020190031,8-8 Mannhardt,8/21/2019 11:51:21 AM,brett.sfevine,3,8/21/2019,,899ad091-4887-4ccd-a3f2-3a98e1789599,Follow The Wine,01 Field Locations,Quails Gate Blocks,,TRUE,6/22/2017
TRUE,TRUE,FALSE,50020190032,8-9 Mannhardt,8/21/2019 11:46:17 AM,brett.sfevine,3,8/21/2019,,ea9c898c-954d-4370-9dde-869a0165a5c6,Follow The Wine,01 Field Locations,Quails Gate Blocks,,TRUE,6/22/2017
TRUE,TRUE,FALSE,50020190033,8-10 Mannhardt,8/21/2019 11:41:56 AM,brett.sfevine,3,8/21/2019,,0f413aa2-f4b3-48d5-bd7f-1f75df81dcf5,Follow The Wine,01 Field Locations,Quails Gate Blocks,,TRUE,6/22/2017
TRUE,TRUE,FALSE,50020190023,7-5 Mannhardt,8/21/2019 11:36:45 AM,brett.sfevine,3,8/21/2019,,26e7ecac-f60f-4e9c-8729-d6a2e3d0e34d,Follow The Wine,01 Field Locations,Quails Gate Blocks,,TRUE,6/22/2017
TRUE,TRUE,FALSE,50020190022,7-4 Mannhardt,8/21/2019 11:32:10 AM,brett.sfevine,3,8/21/2019,,b3241ea2-0286-4c56-beeb-fd17f0d4865c,Follow The Wine,01 Field Locations,Quails Gate Blocks,,TRUE,6/22/2017
TRUE,TRUE,FALSE,50020190095,5-5 Estate Upper,8/21/2019 10:53:15 AM,brett.sfevine,3,8/21/2019,,cb8d8fcc-82ae-4056-b05e-dc5da92ba078,Follow The Wine,01 Field Locations,Quails Gate Blocks,,TRUE,6/22/2017
TRUE,TRUE,FALSE,50020190096,5-6 Estate Upper,8/21/2019 10:42:32 AM,brett.sfevine,3,8/21/2019,,a2a5b8bc-ff89-4c58-b3ab-38e7a07b0375,Follow The Wine,01 Field Locations,Quails Gate Blocks,,TRUE,6/22/2017
TRUE,TRUE,FALSE,50020190101,6-2 Estate,8/21/2019 10:26:32 AM,brett.sfevine,3,8/21/2019,,251b2cfe-a1e8-4edb-90a0-eef8c1f5388e,Follow The Wine,01 Field Locations,Quails Gate Blocks,,TRUE,6/22/2017
TRUE,TRUE,FALSE,50020190100,6-1 Estate,8/21/2019 10:19:26 AM,brett.sfevine,3,8/21/2019,,d62ca0ed-e4c9-45de-b36a-d61ba6dd8882,Follow The Wine,01 Field Locations,Quails Gate Blocks,,TRUE,6/22/2017
TRUE,TRUE,FALSE,50020190081,4-11 Estate,8/21/2019 10:11:39 AM,brett.sfevine,3,8/21/2019,,44f8e4ae-6e02-47e3-8990-e847e744e283,Follow The Wine,01 Field Locations,Quails Gate Blocks,,TRUE,6/22/2017
TRUE,TRUE,FALSE,50020190080,4-10 Estate,8/21/2019 10:02:15 AM,brett.sfevine,3,8/21/2019,,1727df8b-2594-4d86-80ad-da10328f90fb,Follow The Wine,01 Field Locations,Quails Gate Blocks,,TRUE,6/22/2017
TRUE,TRUE,FALSE,50020190089,4-9 Estate,8/21/2019 9:55:05 AM,brett.sfevine,3,8/21/2019,,8dbf2ca5-4ddf-4bdc-ac63-ef0ac23706c7,Follow The Wine,01 Field Locations,Quails Gate Blocks,,TRUE,6/22/2017
TRUE,TRUE,FALSE,50020190088,4-8 Estate,8/21/2019 9:49:28 AM,brett.sfevine,3,8/21/2019,,5a968992-e12d-4ee6-9eb4-024d1f03fbc2,Follow The Wine,01 Field Locations,Quails Gate Blocks,,TRUE,6/22/2017
TRUE,TRUE,FALSE,50020190077,3-7 Estate,8/21/2019 9:44:12 AM,brett.sfevine,3,8/21/2019,,a743ae77-3079-40cb-b009-2cd9af9e3b20,Follow The Wine,01 Field Locations,Quails Gate Blocks,,TRUE,6/22/2017
TRUE,TRUE,FALSE,50020190085,4-5 Estate,8/21/2019 9:37:37 AM,brett.sfevine,3,8/21/2019,,eabd851f-a792-47fd-a200-76d5a23ae65c,Follow The Wine,01 Field Locations,Quails Gate Blocks,,TRUE,6/22/2017
TRUE,TRUE,FALSE,50020190073,3-3 Estate,8/21/2019 9:33:04 AM,brett.sfevine,3,8/21/2019,,05647a20-2168-45d2-9e0b-b92de9ef51b3,Follow The Wine,01 Field Locations,Quails Gate Blocks,,TRUE,6/22/2017
TRUE,TRUE,FALSE,50020190087,4-7 Estate,8/21/2019 8:51:19 AM,brett.sfevine,3,8/21/2019,,2ab1da96-7fe5-4280-bfcc-76bb9949d75a,Follow The Wine,01 Field Locations,Quails Gate Blocks,,TRUE,6/22/2017
TRUE,TRUE,FALSE,50020190086,4-6 Estate,8/21/2019 8:42:59 AM,brett.sfevine,3,8/21/2019,,10bb1bd4-da86-4f70-9be8-ee3d0778d7d7,Follow The Wine,01 Field Locations,Quails Gate Blocks,,TRUE,6/22/2017
TRUE,TRUE,FALSE,50020190084,4-4 Estate,8/21/2019 8:26:16 AM,brett.sfevine,3,8/21/2019,,51fbffe5-5ef6-4b16-89d2-118b1dcfa488,Follow The Wine,01 Field Locations,Quails Gate Blocks,,TRUE,6/22/2017
TRUE,TRUE,FALSE,50020190083,4-3 Estate,8/21/2019 8:16:26 AM,brett.sfevine,3,8/21/2019,,dbfbc5e4-b3f6-44be-9f3e-4be962bc9b30,Follow The Wine,01 Field Locations,Quails Gate Blocks,,TRUE,6/22/2017
TRUE,TRUE,FALSE,50020190082,4-2 Estate,8/21/2019 8:03:12 AM,brett.sfevine,3,8/21/2019,,17a79f51-a919-4270-a34f-58fe53f932db,Follow The Wine,01 Field Locations,Quails Gate Blocks,,TRUE,6/22/2017
TRUE,TRUE,FALSE,50020190078,3-8 Estate,8/21/2019 7:52:58 AM,brett.sfevine,3,8/21/2019,,8a53a732-d5df-4dc4-9018-9f2d489235f1,Follow The Wine,01 Field Locations,Quails Gate Blocks,,TRUE,6/22/2017
TRUE,TRUE,FALSE,50020190075,3-5 Estate,8/21/2019 7:34:43 AM,brett.sfevine,3,8/21/2019,,ef9a7779-39a0-4f08-be2b-13c067a01d9e,Follow The Wine,01 Field Locations,Quails Gate Blocks,,TRUE,6/22/2017
TRUE,TRUE,FALSE,50020190072,3-2 Estate,8/21/2019 7:13:55 AM,brett.sfevine,3,8/21/2019,,019b07c5-8700-4bf4-b8f8-2913912cfecf,Follow The Wine,01 Field Locations,Quails Gate Blocks,,TRUE,6/22/2017
TRUE,TRUE,FALSE,50020190071,3-1 Estate,8/21/2019 7:01:24 AM,brett.sfevine,3,8/21/2019,,8ce8ace5-14d8-4f6b-b84c-a247072a0aaf,Follow The Wine,01 Field Locations,Quails Gate Blocks,,TRUE,6/22/2017
FALSE,TRUE,FALSE,94041807682,"Athwal, Steven • 3185 • 0",8/15/2019 1:49:13 PM,sathwal.sfevine,3,8/14/2019,80% F3 B3 PN,4a932d7a-8e1b-448a-bbdf-2efa0e0b2a63,Admin / Staff,Staff,Employees Hourly / Salary,,TRUE,6/5/2019
FALSE,TRUE,FALSE,94041807682,"Athwal, Steven • 3185 • 0",8/15/2019 12:57:53 PM,sathwal.sfevine,3,8/15/2019,50% F8 B9 PN,bd53e334-bc18-4c45-9cc7-2bc0762b30f0,Admin / Staff,Staff,Employees Hourly / Salary,,TRUE,6/5/2019
FALSE,TRUE,FALSE,94041807682,"Athwal, Steven • 3185 • 0",8/15/2019 11:36:41 AM,sathwal.sfevine,3,8/15/2019,10% F8 B10 PN,5fe4fa34-1b61-4430-be82-0c5139216550,Admin / Staff,Staff,Employees Hourly / Salary,,TRUE,6/5/2019
FALSE,TRUE,FALSE,94041807682,"Athwal, Steven • 3185 • 0",8/15/2019 11:28:51 AM,sathwal.sfevine,3,8/15/2019,10%,04953748-967a-4ec4-9843-8700b8c14e56,Admin / Staff,Staff,Employees Hourly / Salary,,TRUE,6/5/2019
TRUE,TRUE,FALSE,50020190048,3 Patricia,6/21/2019 8:59:46 AM,trevor.sfevine,2,6/17/2019,,53c7240e-1d43-40d8-93b1-baa8bc9a83ac,Follow The Wine,01 Field Locations,Quails Gate Blocks,,TRUE,6/22/2017
TRUE,TRUE,FALSE,50020190047,2 Patricia,6/21/2019 8:59:25 AM,trevor.sfevine,2,6/17/2019,,6c4ba5b3-88f1-4418-bd47-7fd6e98412d2,Follow The Wine,01 Field Locations,Quails Gate Blocks,,TRUE,6/22/2017
FALSE,TRUE,FALSE,50020190244,4-4 Stewart Family Estates,6/21/2019 8:40:21 AM,trevor.sfevine,2,6/12/2019,,653b0b34-87b5-412b-af1a-58de8d2ab60c,Follow The Wine,01 Field Locations,Quails Gate Blocks,,TRUE,3/12/2019
FALSE,TRUE,FALSE,50020190265,6-5 Stewart Family Estates,6/21/2019 8:40:05 AM,trevor.sfevine,2,6/12/2019,,50cf9ff1-a9d1-42bc-8c91-250f91405aac,Follow The Wine,01 Field Locations,Quails Gate Blocks,,TRUE,3/12/2019
FALSE,TRUE,FALSE,50020190263,6-3 Stewart Family Estates,6/21/2019 8:39:45 AM,trevor.sfevine,2,6/12/2019,,f06aa84b-f3f6-4dc1-9205-53165fd13470,Follow The Wine,01 Field Locations,Quails Gate Blocks,,TRUE,3/12/2019
FALSE,TRUE,FALSE,50020190252,5-2 Stewart Family Estates,6/21/2019 8:32:02 AM,trevor.sfevine,2,6/18/2019,,7afdcff9-36ed-4f01-a129-692ab957fb97,Follow The Wine,01 Field Locations,Quails Gate Blocks,,TRUE,3/12/2019
FALSE,TRUE,FALSE,50020190235,3-5 Stewart Family Estates,6/21/2019 8:29:46 AM,trevor.sfevine,2,6/16/2019,,65a0c6f3-70c3-46f6-b126-44e95197c162,Follow The Wine,01 Field Locations,Quails Gate Blocks,,TRUE,3/12/2019
FALSE,TRUE,FALSE,50020190223,2-3 Stewart Family Estates,6/21/2019 8:27:47 AM,trevor.sfevine,2,6/13/2019,,1e38a647-5236-4070-8e34-74af316834bb,Follow The Wine,01 Field Locations,Quails Gate Blocks,,TRUE,3/12/2019
FALSE,TRUE,FALSE,50020190233,3-3 Stewart Family Estates,6/21/2019 8:26:54 AM,trevor.sfevine,2,6/13/2019,,4c4e51a9-4e47-4095-a9cf-9194bb21c6cb,Follow The Wine,01 Field Locations,Quails Gate Blocks,,TRUE,3/12/2019
FALSE,TRUE,FALSE,50020190222,2-2 Stewart Family Estates,6/21/2019 8:24:58 AM,trevor.sfevine,2,6/13/2019,,090b5fba-dd99-4d86-9ab5-257077de232f,Follow The Wine,01 Field Locations,Quails Gate Blocks,,TRUE,3/12/2019
FALSE,TRUE,FALSE,50020190232,3-2 Stewart Family Estates • 0.926,6/21/2019 8:23:54 AM,trevor.sfevine,2,6/13/2019,,4b450337-c93a-4e7f-8d39-9bc7d94202c1,Follow The Wine,01 Field Locations,Quails Gate Blocks,,TRUE,3/12/2019
FALSE,TRUE,FALSE,50020190221,2-1 Stewart Family Estates,6/21/2019 8:20:57 AM,trevor.sfevine,2,6/14/2019,,a58a0b13-405a-4af2-82d1-a03c78d3b847,Follow The Wine,01 Field Locations,Quails Gate Blocks,,TRUE,3/12/2019
FALSE,TRUE,FALSE,50020190211,1-1 Stewart Family Estates,6/21/2019 8:18:55 AM,trevor.sfevine,2,6/15/2019,,32262eb2-ffc0-4a14-aed6-bf4daaff1630,Follow The Wine,01 Field Locations,Quails Gate Blocks,,TRUE,3/12/2019
FALSE,TRUE,FALSE,50020190214,1-4 Stewart Family Estates,6/21/2019 8:18:27 AM,trevor.sfevine,2,6/15/2019,,869acc23-587e-4818-acf0-e5d7b0b448ae,Follow The Wine,01 Field Locations,Quails Gate Blocks,,TRUE,3/12/2019
FALSE,TRUE,FALSE,50020190214,1-4 Stewart Family Estates,6/21/2019 8:16:49 AM,trevor.sfevine,2,6/16/2019,,d6a4c1b1-2e00-434c-8e29-5bd34460c30c,Follow The Wine,01 Field Locations,Quails Gate Blocks,,TRUE,3/12/2019
FALSE,TRUE,FALSE,50020190216,1-6 Stewart Family Estates,6/21/2019 8:15:00 AM,trevor.sfevine,2,6/16/2019,,2cf4642f-d07b-4dd4-affc-a0264c836e8d,Follow The Wine,01 Field Locations,Quails Gate Blocks,,TRUE,3/12/2019
FALSE,TRUE,FALSE,50020190212,1-2 Stewart Family Estates,6/21/2019 8:13:42 AM,trevor.sfevine,2,6/21/2019,,9fc33f4a-e15e-4a42-9244-531408234086,Follow The Wine,01 Field Locations,Quails Gate Blocks,,TRUE,3/12/2019
TRUE,TRUE,FALSE,50020190101,6-2 Estate,6/14/2019 1:21:39 PM,judy.sfevine,2,6/14/2019,,257a6a3f-025f-4191-9115-2acb0b5e6e2b,Follow The Wine,01 Field Locations,Quails Gate Blocks,,TRUE,6/22/2017
TRUE,TRUE,FALSE,50020190100,6-1 Estate,6/14/2019 1:20:56 PM,judy.sfevine,2,6/14/2019,,ad3523d3-6dc0-4f41-9750-2cb1f1a1e483,Follow The Wine,01 Field Locations,Quails Gate Blocks,,TRUE,6/22/2017
TRUE,TRUE,FALSE,50020190070,2-9 Estate,6/14/2019 1:16:00 PM,judy.sfevine,2,6/14/2019,,2e7fee06-9482-4e41-8fff-dba7db328006,Follow The Wine,01 Field Locations,Quails Gate Blocks,,TRUE,6/22/2017
TRUE,TRUE,FALSE,50020190069,2-8 Estate,6/14/2019 1:14:39 PM,judy.sfevine,2,6/14/2019,,f2d9c6b9-c510-4e71-a87e-f6c85445bd19,Follow The Wine,01 Field Locations,Quails Gate Blocks,,TRUE,6/22/2017
TRUE,TRUE,FALSE,50020190068,2-7 Estate,6/14/2019 1:13:31 PM,judy.sfevine,2,6/14/2019,,d6d245fb-221f-45e8-9f7d-06d0c6fcd61e,Follow The Wine,01 Field Locations,Quails Gate Blocks,,TRUE,6/22/2017
TRUE,TRUE,FALSE,50020190064,2-3 Estate,6/14/2019 1:10:42 PM,judy.sfevine,2,6/14/2019,,ef559d12-04c5-493b-b10f-be2d71903ad2,Follow The Wine,01 Field Locations,Quails Gate Blocks,,TRUE,6/22/2017
TRUE,TRUE,FALSE,50020190061,1-7 Estate,6/14/2019 1:08:17 PM,judy.sfevine,2,6/14/2019,,d42768ce-edcf-4f60-8faa-29fff5bad247,Follow The Wine,01 Field Locations,Quails Gate Blocks,,TRUE,6/22/2017
TRUE,TRUE,FALSE,50020190060,1-6 Estate,6/14/2019 1:05:50 PM,judy.sfevine,2,6/14/2019,,e8740312-146f-4870-92bb-ed752dbfce3b,Follow The Wine,01 Field Locations,Quails Gate Blocks,,TRUE,6/22/2017
TRUE,TRUE,FALSE,50020190063,2-2 Estate,6/14/2019 1:04:16 PM,judy.sfevine,2,6/14/2019,,fc682c29-70e0-4f25-9e46-a6bda077612f,Follow The Wine,01 Field Locations,Quails Gate Blocks,,TRUE,6/22/2017
TRUE,TRUE,FALSE,50020190062,2-1 Estate,6/14/2019 1:00:58 PM,judy.sfevine,2,6/14/2019,,4b6cfe0d-6b4b-49ff-bc4d-7e6d351e708a,Follow The Wine,01 Field Locations,Quails Gate Blocks,,TRUE,6/22/2017
TRUE,TRUE,FALSE,50020190058,1-4 Estate • 2.300,6/14/2019 1:00:02 PM,judy.sfevine,2,6/14/2019,,378139d0-79de-45f6-8005-ee6b19e849e1,Follow The Wine,01 Field Locations,Quails Gate Blocks,,TRUE,6/22/2017
TRUE,TRUE,FALSE,50020190313,2-1 Beaumont,6/14/2019 11:36:14 AM,judy.sfevine,2,6/14/2019,,f2201d02-07dd-4910-8bf7-654128a31295,Follow The Wine,01 Field Locations,Quails Gate Blocks,,TRUE,2/28/2019
TRUE,TRUE,FALSE,50020190314,2-2 Beaumont,6/14/2019 11:32:51 AM,judy.sfevine,2,6/14/2019,,576af80b-4609-47db-be42-8dccbcdeeba4,Follow The Wine,01 Field Locations,Quails Gate Blocks,,TRUE,2/28/2019
TRUE,TRUE,FALSE,50020190021,7-3 Mannhardt,6/14/2019 11:13:12 AM,judy.sfevine,2,6/14/2019,,4692b6cd-0cf2-4f0c-b0ce-a24b8a86b867,Follow The Wine,01 Field Locations,Quails Gate Blocks,,TRUE,6/22/2017
TRUE,TRUE,FALSE,50020190029,8-6 Mannhardt,6/14/2019 10:00:49 AM,judy.sfevine,2,6/14/2019,,d06af821-5730-4132-981b-26f261a33e7e,Follow The Wine,01 Field Locations,Quails Gate Blocks,,TRUE,6/22/2017
TRUE,TRUE,FALSE,50020190028,8-5 Mannhardt,6/14/2019 9:58:35 AM,judy.sfevine,2,6/14/2019,,4bcf477f-932f-49b4-a664-2781214a8af1,Follow The Wine,01 Field Locations,Quails Gate Blocks,,TRUE,6/22/2017
TRUE,TRUE,FALSE,50020190019,7-1 Mannhardt,6/14/2019 9:55:18 AM,judy.sfevine,2,6/14/2019,,c187d321-ab8a-447a-9677-d351cea92bee,Follow The Wine,01 Field Locations,Quails Gate Blocks,,TRUE,6/22/2017
TRUE,TRUE,FALSE,50020190020,7-2 Mannhardt,6/14/2019 9:53:29 AM,judy.sfevine,2,6/14/2019,,0a27ead2-0cf6-4267-8c5a-3bf5e389c8aa,Follow The Wine,01 Field Locations,Quails Gate Blocks,,TRUE,6/22/2017
TRUE,TRUE,FALSE,50020190038,9-5 Mannhardt,6/14/2019 9:45:54 AM,judy.sfevine,2,6/14/2019,,d4cc57f4-bf68-4fdc-b9ea-fe3da77c3786,Follow The Wine,01 Field Locations,Quails Gate Blocks,,TRUE,6/22/2017
TRUE,TRUE,FALSE,50020190037,9-4 Mannhardt,6/14/2019 9:45:08 AM,judy.sfevine,2,6/14/2019,,e638ca4c-bb68-4099-ba9d-b0f038008271,Follow The Wine,01 Field Locations,Quails Gate Blocks,,TRUE,6/22/2017
TRUE,TRUE,FALSE,50020190035,9-2 Mannhardt,6/14/2019 9:41:04 AM,judy.sfevine,2,6/14/2019,,63e41750-66d4-4243-8f26-95af0a65955f,Follow The Wine,01 Field Locations,Quails Gate Blocks,,TRUE,6/22/2017
TRUE,TRUE,FALSE,50020190036,9-3 Mannhardt,6/14/2019 9:40:10 AM,judy.sfevine,2,6/14/2019,,c0704a45-4662-4cf6-a2ac-1da4e9908f3c,Follow The Wine,01 Field Locations,Quails Gate Blocks,,TRUE,6/22/2017
TRUE,TRUE,FALSE,50020190024,8-1 Mannhardt,6/14/2019 9:38:30 AM,judy.sfevine,2,6/14/2019,,f3872f85-889f-4cd8-b61f-298e59fc3018,Follow The Wine,01 Field Locations,Quails Gate Blocks,,TRUE,6/22/2017
TRUE,TRUE,FALSE,50020190025,8-2 Mannhardt,6/14/2019 9:35:27 AM,judy.sfevine,2,6/14/2019,,0dce9038-7391-4bb7-9a08-91c410048e42,Follow The Wine,01 Field Locations,Quails Gate Blocks,,TRUE,6/22/2017
FALSE,TRUE,FALSE,68050209664,Beaumont • 1-0 Beaumont,6/13/2019 3:10:38 PM,judy.sfevine,2,6/13/2019,,b1166cf9-609f-4137-9626-82f1986b36c7,Follow The Wine,01 Field Locations,Quails Gate Fields,,TRUE,4/30/2019
TRUE,TRUE,FALSE,50020190320,Banducci • 0 Banducci,6/13/2019 1:17:46 PM,judy.sfevine,2,6/13/2019,,a37a38e0-71e6-43e4-aec2-a89864b82e8f,Follow The Wine,01 Field Locations,Quails Gate Fields,,TRUE,2/21/2019
TRUE,TRUE,FALSE,50020190017,2 Illig,6/13/2019 1:06:32 PM,judy.sfevine,2,6/13/2019,,0c05c52a-eb41-494d-9795-4df4cb69d553,Follow The Wine,01 Field Locations,Quails Gate Blocks,,TRUE,6/22/2017
TRUE,TRUE,FALSE,50020190026,8-3 Mannhardt,6/12/2019 1:41:52 PM,judy.sfevine,2,6/12/2019,,394b801f-e486-4a9c-b7b3-bd6a3e1eac04,Follow The Wine,01 Field Locations,Quails Gate Blocks,,TRUE,6/22/2017
TRUE,TRUE,FALSE,50020190016,1 Illig,6/12/2019 11:15:54 AM,judy.sfevine,2,6/12/2019,,c0e5c477-044f-4966-a574-10e93df7ce6d,Follow The Wine,01 Field Locations,Quails Gate Blocks,,TRUE,6/22/2017
TRUE,TRUE,FALSE,50020190098,5-8 Estate,6/12/2019 6:58:12 AM,judy.sfevine,2,6/12/2019,,b01bc27e-e815-4575-996f-000420c57ccf,Follow The Wine,01 Field Locations,Quails Gate Blocks,,TRUE,6/22/2017
TRUE,TRUE,FALSE,50020190060,1-6 Estate,6/11/2019 7:10:35 AM,judy.sfevine,2,6/11/2019,,fe8d8481-2171-4b40-88df-a0f7b0f71901,Follow The Wine,01 Field Locations,Quails Gate Blocks,,TRUE,6/22/2017
TRUE,TRUE,FALSE,50020190059,1-5 Estate,6/11/2019 7:05:56 AM,judy.sfevine,2,6/11/2019,,2e2bc6d6-bab1-4b9d-8d72-1afb00dca531,Follow The Wine,01 Field Locations,Quails Gate Blocks,,TRUE,6/22/2017
TRUE,TRUE,FALSE,50020190057,1-3 Estate • 0.931,6/11/2019 7:00:25 AM,judy.sfevine,2,6/11/2019,,d26f1602-65be-4989-afb7-033733e6b485,Follow The Wine,01 Field Locations,Quails Gate Blocks,,TRUE,6/22/2017
TRUE,TRUE,FALSE,50020190055,1-2 Estate • 0.531,6/11/2019 6:57:06 AM,judy.sfevine,2,6/11/2019,,2e24898e-67ce-4ff5-9f2c-9e61232f74d0,Follow The Wine,01 Field Locations,Quails Gate Blocks,,TRUE,6/22/2017
TRUE,TRUE,FALSE,50020190083,4-3 Estate,6/10/2019 1:46:03 PM,judy.sfevine,2,6/10/2019,,f5b1f7c8-37b4-4b5a-88b6-62a712bc776d,Follow The Wine,01 Field Locations,Quails Gate Blocks,,TRUE,6/22/2017
TRUE,TRUE,FALSE,50020190082,4-2 Estate,6/10/2019 1:44:12 PM,judy.sfevine,2,6/10/2019,,7ac284cb-298e-4df0-953f-48cb3ae5d70b,Follow The Wine,01 Field Locations,Quails Gate Blocks,,TRUE,6/22/2017
TRUE,TRUE,FALSE,50020190071,3-1 Estate,6/10/2019 1:40:44 PM,judy.sfevine,2,6/10/2019,,c3f483bf-653e-4ec3-8691-9ab7aba8b6b3,Follow The Wine,01 Field Locations,Quails Gate Blocks,,TRUE,6/22/2017
TRUE,TRUE,FALSE,50020190073,3-3 Estate,6/10/2019 1:38:20 PM,judy.sfevine,2,6/10/2019,,ae7bced5-937a-440d-b10d-ae1630a54fa5,Follow The Wine,01 Field Locations,Quails Gate Blocks,,TRUE,6/22/2017
TRUE,TRUE,FALSE,50020190078,3-8 Estate,6/10/2019 1:30:06 PM,judy.sfevine,2,6/10/2019,,36f9899e-a0fa-4de0-a216-0fd1d5d5a3e2,Follow The Wine,01 Field Locations,Quails Gate Blocks,,TRUE,6/22/2017
TRUE,TRUE,FALSE,50020190077,3-7 Estate,6/10/2019 1:28:31 PM,judy.sfevine,2,6/10/2019,,cda38090-ce99-4b6d-a2d5-35e3fc30b173,Follow The Wine,01 Field Locations,Quails Gate Blocks,,TRUE,6/22/2017
TRUE,TRUE,FALSE,50020190076,3-6 Estate,6/10/2019 1:26:29 PM,judy.sfevine,2,6/10/2019,,d1fb0f3f-0af7-4acf-8842-e5007ee93e83,Follow The Wine,01 Field Locations,Quails Gate Blocks,,TRUE,6/22/2017
TRUE,TRUE,FALSE,50020190075,3-5 Estate,6/10/2019 1:25:20 PM,judy.sfevine,2,6/10/2019,,56b3738f-9e86-42b2-879e-1226920e57a8,Follow The Wine,01 Field Locations,Quails Gate Blocks,,TRUE,6/22/2017
TRUE,TRUE,FALSE,50020190074,3-4 Estate,6/10/2019 1:22:14 PM,judy.sfevine,2,6/10/2019,,ea3cf436-2450-4bf5-afa9-3885a7e4b4f4,Follow The Wine,01 Field Locations,Quails Gate Blocks,,TRUE,6/22/2017
TRUE,TRUE,FALSE,50020190089,4-9 Estate,6/10/2019 10:49:26 AM,judy.sfevine,2,6/10/2019,,c4f7e73c-5ffb-42d2-9539-dce766dc06d3,Follow The Wine,01 Field Locations,Quails Gate Blocks,,TRUE,6/22/2017
TRUE,TRUE,FALSE,50020190088,4-8 Estate,6/10/2019 10:47:54 AM,judy.sfevine,2,6/10/2019,,af696738-3aeb-449f-99ce-da80a9525df5,Follow The Wine,01 Field Locations,Quails Gate Blocks,,TRUE,6/22/2017
TRUE,TRUE,FALSE,50020190087,4-7 Estate,6/10/2019 10:43:28 AM,judy.sfevine,2,6/10/2019,,85936000-4585-4690-b88d-d4e04ce2b122,Follow The Wine,01 Field Locations,Quails Gate Blocks,,TRUE,6/22/2017
TRUE,TRUE,FALSE,50020190085,4-5 Estate,6/10/2019 10:41:07 AM,judy.sfevine,2,6/10/2019,,01084ddb-9bc9-47b3-863d-f41fd73bc80f,Follow The Wine,01 Field Locations,Quails Gate Blocks,,TRUE,6/22/2017
TRUE,TRUE,FALSE,50020190086,4-6 Estate,6/10/2019 10:39:57 AM,judy.sfevine,2,6/10/2019,,9834e143-7be7-4eb7-9df1-121da8937beb,Follow The Wine,01 Field Locations,Quails Gate Blocks,,TRUE,6/22/2017
TRUE,TRUE,FALSE,50020190030,8-7 Mannhardt,6/10/2019 8:59:22 AM,judy.sfevine,2,6/10/2019,,c423f18d-9515-4e26-84f5-f9c142e06f21,Follow The Wine,01 Field Locations,Quails Gate Blocks,,TRUE,6/22/2017
TRUE,TRUE,FALSE,50020190031,8-8 Mannhardt,6/10/2019 8:56:06 AM,judy.sfevine,2,6/10/2019,,a30ddb8a-1518-4102-9a89-06c185c7a015,Follow The Wine,01 Field Locations,Quails Gate Blocks,,TRUE,6/22/2017
TRUE,TRUE,FALSE,50020190032,8-9 Mannhardt,6/10/2019 8:52:54 AM,judy.sfevine,2,6/10/2019,,1a9c8175-730e-4e95-800e-315489ad5b60,Follow The Wine,01 Field Locations,Quails Gate Blocks,,TRUE,6/22/2017
TRUE,TRUE,FALSE,50020190033,8-10 Mannhardt,6/10/2019 8:49:55 AM,judy.sfevine,2,6/10/2019,,3760b3d9-c8fc-479e-9cc6-cb8195f019d6,Follow The Wine,01 Field Locations,Quails Gate Blocks,,TRUE,6/22/2017
TRUE,TRUE,FALSE,50020190023,7-5 Mannhardt,6/10/2019 8:48:15 AM,judy.sfevine,2,6/10/2019,,9dba68ba-e577-4e5f-bb24-4eab88b559b0,Follow The Wine,01 Field Locations,Quails Gate Blocks,,TRUE,6/22/2017
TRUE,TRUE,FALSE,50020190022,7-4 Mannhardt,6/10/2019 8:44:15 AM,judy.sfevine,2,6/10/2019,,234f39e9-6866-4fa5-8ecb-f316850f0cf4,Follow The Wine,01 Field Locations,Quails Gate Blocks,,TRUE,6/22/2017
TRUE,TRUE,FALSE,50020190027,8-4 Mannhardt,6/10/2019 8:40:15 AM,judy.sfevine,2,6/10/2019,,c280f7e4-49ca-40de-8be3-3a39572f91b1,Follow The Wine,01 Field Locations,Quails Gate Blocks,,TRUE,6/22/2017
TRUE,TRUE,FALSE,50020190080,4-10 Estate,6/10/2019 7:34:25 AM,judy.sfevine,2,6/10/2019,,e55cea52-71fe-42ef-b012-e1aff35024b8,Follow The Wine,01 Field Locations,Quails Gate Blocks,,TRUE,6/22/2017
TRUE,TRUE,FALSE,50020190081,4-11 Estate,6/10/2019 7:31:06 AM,judy.sfevine,2,6/10/2019,,21cc7cf0-2ad2-408d-8d81-2b8130730291,Follow The Wine,01 Field Locations,Quails Gate Blocks,,TRUE,6/22/2017
TRUE,TRUE,FALSE,50020190095,5-5 Estate Upper,6/10/2019 7:24:40 AM,judy.sfevine,2,6/10/2019,,ee80a645-ff17-45de-b84d-5a9bb109c413,Follow The Wine,01 Field Locations,Quails Gate Blocks,,TRUE,6/22/2017
TRUE,TRUE,FALSE,50020190096,5-6 Estate Upper,6/10/2019 7:21:45 AM,judy.sfevine,2,6/10/2019,,50309d0a-dd49-4595-bf60-c9c63fd1f1f2,Follow The Wine,01 Field Locations,Quails Gate Blocks,,TRUE,6/22/2017
TRUE,TRUE,FALSE,50020190097,5-7 Estate,6/10/2019 7:18:54 AM,judy.sfevine,2,6/10/2019,,2211be0e-85cb-495d-87fe-6a1c2cff1e24,Follow The Wine,01 Field Locations,Quails Gate Blocks,,TRUE,6/22/2017
TRUE,TRUE,FALSE,50020190094,5-4 Estate Upper,6/7/2019 8:29:36 AM,judy.sfevine,2,6/7/2019,,1c26fa0d-76d3-4f6a-bd9c-c250927ddf2d,Follow The Wine,01 Field Locations,Quails Gate Blocks,,TRUE,6/22/2017
TRUE,TRUE,FALSE,50020190093,5-3 Estate Upper,6/7/2019 8:28:36 AM,judy.sfevine,2,6/7/2019,,7e341d59-6acd-4b98-ad74-d9205c484c8a,Follow The Wine,01 Field Locations,Quails Gate Blocks,,TRUE,6/22/2017
TRUE,TRUE,FALSE,50020190092,5-2 Estate Upper,6/7/2019 8:27:29 AM,judy.sfevine,2,6/7/2019,,ed35d8ae-18d9-4c0c-96db-4fd960c29710,Follow The Wine,01 Field Locations,Quails Gate Blocks,,TRUE,6/22/2017
TRUE,TRUE,FALSE,50020190090,5-1 Estate Upper,6/7/2019 8:23:56 AM,judy.sfevine,2,6/7/2019,,b0aaf5ef-e457-493c-8afe-fe69ae0a38f2,Follow The Wine,01 Field Locations,Quails Gate Blocks,,TRUE,6/22/2017
TRUE,TRUE,FALSE,50020190066,2-5 Estate,6/7/2019 8:17:50 AM,judy.sfevine,2,6/7/2019,,f7ac2aa0-e757-4568-9c87-b861fa9657e6,Follow The Wine,01 Field Locations,Quails Gate Blocks,,TRUE,6/22/2017
TRUE,TRUE,FALSE,50020190079,4-1 Estate • 0.555,6/6/2019 8:59:56 AM,jo.sfevine,2,6/6/2019,,fc477149-5d9d-4939-b0a8-2a3050901421,Follow The Wine,01 Field Locations,Quails Gate Blocks,,TRUE,6/22/2017
TRUE,TRUE,FALSE,50020190084,4-4 Estate,5/31/2019 9:25:08 AM,jo.sfevine,2,5/31/2019,,c64f5bdd-ba1a-45de-ae82-234d7a0d6d07,Follow The Wine,01 Field Locations,Quails Gate Blocks,,TRUE,6/22/2017
TRUE,TRUE,FALSE,50020190007,6 Osoyoos • 25.822,5/30/2019 7:59:37 AM,judy.sfevine,2,5/30/2019,,780998a6-b50b-4072-94a4-bfa5c339f663,Follow The Wine,01 Field Locations,Quails Gate Blocks,,TRUE,6/22/2017
TRUE,TRUE,FALSE,50020190006,5 Osoyoos • 10.686,5/30/2019 7:57:11 AM,judy.sfevine,2,5/30/2019,,f6aeab70-0d33-40cd-9645-df5c384fd1a3,Follow The Wine,01 Field Locations,Quails Gate Blocks,,TRUE,6/22/2017
TRUE,TRUE,FALSE,50020190002,1 Osoyoos • 0.726,5/30/2019 7:55:37 AM,judy.sfevine,2,5/30/2019,,fe0f2e3f-4168-41ad-b4b0-46f29c026bf5,Follow The Wine,01 Field Locations,Quails Gate Blocks,,TRUE,6/22/2017
TRUE,TRUE,FALSE,50020190037,9-4 Mannhardt,5/8/2019 3:54:58 PM,judy.sfevine,1,5/8/2019,,13ed84f6-d05c-49e4-a6ec-2a2259af09c3,Follow The Wine,01 Field Locations,Quails Gate Blocks,,TRUE,6/22/2017
TRUE,TRUE,FALSE,50020190064,2-3 Estate,5/8/2019 1:25:28 PM,judy.sfevine,1,5/8/2019,,14940d42-3c7b-4c28-a13c-47f7900e0164,Follow The Wine,01 Field Locations,Quails Gate Blocks,,TRUE,6/22/2017
TRUE,TRUE,FALSE,50020190061,1-7 Estate,5/8/2019 1:21:55 PM,judy.sfevine,1,5/8/2019,,3adb91e0-765e-48b1-bfd6-190260d28ff8,Follow The Wine,01 Field Locations,Quails Gate Blocks,,TRUE,6/22/2017
TRUE,TRUE,FALSE,50020190034,9-1 Mannhardt,5/8/2019 12:21:41 PM,judy.sfevine,1,5/8/2019,,fcfc0e2b-0f02-44b1-8e5d-2d87e9e873c9,Follow The Wine,01 Field Locations,Quails Gate Blocks,,TRUE,6/22/2017
TRUE,TRUE,FALSE,50020190035,9-2 Mannhardt,5/8/2019 12:20:22 PM,judy.sfevine,1,5/8/2019,,eab170ec-6f3f-49aa-9379-f2d383365551,Follow The Wine,01 Field Locations,Quails Gate Blocks,,TRUE,6/22/2017
TRUE,TRUE,FALSE,50020190024,8-1 Mannhardt,5/8/2019 12:18:58 PM,judy.sfevine,1,5/8/2019,,33c0bae3-f40e-42eb-806c-afb3040cf677,Follow The Wine,01 Field Locations,Quails Gate Blocks,,TRUE,6/22/2017
TRUE,TRUE,FALSE,50020190025,8-2 Mannhardt,5/8/2019 12:18:16 PM,judy.sfevine,1,5/8/2019,,3e5e3d46-c131-4e2d-b27b-33f2e40f2676,Follow The Wine,01 Field Locations,Quails Gate Blocks,,TRUE,6/22/2017
TRUE,TRUE,FALSE,50020190038,9-5 Mannhardt,5/8/2019 12:14:54 PM,judy.sfevine,1,5/8/2019,,e26572ce-c272-4d55-8814-207f7971befd,Follow The Wine,01 Field Locations,Quails Gate Blocks,,TRUE,6/22/2017
TRUE,TRUE,FALSE,50020190020,7-2 Mannhardt,5/8/2019 12:08:22 PM,judy.sfevine,1,5/8/2019,,f16354b6-d151-44b3-a5d6-c9517465987d,Follow The Wine,01 Field Locations,Quails Gate Blocks,,TRUE,6/22/2017
TRUE,TRUE,FALSE,50020190019,7-1 Mannhardt,5/8/2019 12:06:27 PM,judy.sfevine,1,5/8/2019,,de129c5c-68bb-4f12-a61c-d90e2b8854c2,Follow The Wine,01 Field Locations,Quails Gate Blocks,,TRUE,6/22/2017
TRUE,TRUE,FALSE,50020190100,6-1 Estate,5/8/2019 7:15:02 AM,judy.sfevine,1,5/7/2019,,01af8f51-c857-43b4-b217-f97146bef6cc,Follow The Wine,01 Field Locations,Quails Gate Blocks,,TRUE,6/22/2017
TRUE,TRUE,FALSE,50020190101,6-2 Estate,5/8/2019 7:13:52 AM,judy.sfevine,1,5/7/2019,,b05fe236-c3cc-4629-82a9-7a05f5481e88,Follow The Wine,01 Field Locations,Quails Gate Blocks,,TRUE,6/22/2017
TRUE,TRUE,FALSE,50020190070,2-9 Estate,5/7/2019 3:14:33 PM,judy.sfevine,1,5/7/2019,,17767406-fd26-4278-b341-3d049edf8b0f,Follow The Wine,01 Field Locations,Quails Gate Blocks,,TRUE,6/22/2017
TRUE,TRUE,FALSE,50020190069,2-8 Estate,5/7/2019 3:13:08 PM,judy.sfevine,1,5/7/2019,,5f4d6a86-2392-4877-aa86-706e283bfe5d,Follow The Wine,01 Field Locations,Quails Gate Blocks,,TRUE,6/22/2017
TRUE,TRUE,FALSE,50020190068,2-7 Estate,5/7/2019 3:09:11 PM,judy.sfevine,1,5/7/2019,,88bbb187-c4a6-4ad9-81c5-beb0cab460b7,Follow The Wine,01 Field Locations,Quails Gate Blocks,,TRUE,6/22/2017
TRUE,TRUE,FALSE,50020190063,2-2 Estate,5/7/2019 3:05:36 PM,judy.sfevine,1,5/7/2019,,119d7603-4dbc-4ea3-a0b5-99f53e7b735c,Follow The Wine,01 Field Locations,Quails Gate Blocks,,TRUE,6/22/2017
TRUE,TRUE,FALSE,50020190062,2-1 Estate,5/7/2019 3:00:01 PM,judy.sfevine,1,5/6/2019,,62e8d251-b563-4da6-85ca-f2d8bf187af1,Follow The Wine,01 Field Locations,Quails Gate Blocks,,TRUE,6/22/2017
TRUE,TRUE,FALSE,50020190097,5-7 Estate,5/7/2019 2:38:15 PM,judy.sfevine,1,5/7/2019,,5d9e431c-50e5-4abd-a415-a5934bd319cc,Follow The Wine,01 Field Locations,Quails Gate Blocks,,TRUE,6/22/2017
TRUE,TRUE,FALSE,50020190086,4-6 Estate,5/7/2019 2:35:39 PM,judy.sfevine,1,5/7/2019,,d0b0e19a-9c32-44f4-a967-f2e69d918abf,Follow The Wine,01 Field Locations,Quails Gate Blocks,,TRUE,6/22/2017
TRUE,TRUE,FALSE,50020190085,4-5 Estate,5/7/2019 2:33:04 PM,judy.sfevine,1,5/7/2019,,bd944718-1b95-4ad5-a955-e55c3ad95544,Follow The Wine,01 Field Locations,Quails Gate Blocks,,TRUE,6/22/2017
TRUE,TRUE,FALSE,50020190011,1 Blue Fox,5/7/2019 2:12:59 PM,judy.sfevine,1,5/6/2019,,5ffc0558-35e7-4492-816c-1a102cc15569,Follow The Wine,01 Field Locations,Quails Gate Blocks,,TRUE,6/22/2017
TRUE,TRUE,FALSE,50020190014,4 Blue Fox,5/7/2019 2:03:39 PM,judy.sfevine,1,5/7/2019,,9d336d90-941f-4b55-a789-b222c2bcf23e,Follow The Wine,01 Field Locations,Quails Gate Blocks,,TRUE,6/22/2017
TRUE,TRUE,FALSE,50020190012,2 Blue Fox,5/7/2019 2:00:28 PM,judy.sfevine,1,5/7/2019,,c47ed559-30b2-4d50-9c2d-33c4d74ad871,Follow The Wine,01 Field Locations,Quails Gate Blocks,,TRUE,6/22/2017
TRUE,TRUE,FALSE,50020190017,2 Illig,5/7/2019 1:53:20 PM,judy.sfevine,1,5/7/2019,,06d5ca80-08f3-4851-9678-8db5c513c122,Follow The Wine,01 Field Locations,Quails Gate Blocks,,TRUE,6/22/2017
TRUE,TRUE,FALSE,50020190016,1 Illig,5/7/2019 1:48:58 PM,judy.sfevine,1,5/7/2019,,bbe7e70a-5aef-456f-b60c-9d251b4939a2,Follow The Wine,01 Field Locations,Quails Gate Blocks,,TRUE,6/22/2017
TRUE,TRUE,FALSE,50020190057,1-3 Estate • 0.931,5/7/2019 8:40:30 AM,judy.sfevine,1,5/7/2019,,46b32eba-2738-4e73-9c3e-2d8b3ad702ae,Follow The Wine,01 Field Locations,Quails Gate Blocks,,TRUE,6/22/2017
TRUE,TRUE,FALSE,50020190058,1-4 Estate • 2.300,5/7/2019 8:39:03 AM,judy.sfevine,1,5/7/2019,,3f56b949-d650-4767-8e1f-373769debde3,Follow The Wine,01 Field Locations,Quails Gate Blocks,,TRUE,6/22/2017
TRUE,TRUE,FALSE,50020190013,3 Blue Fox,5/7/2019 8:04:21 AM,judy.sfevine,1,5/7/2019,,39f6cb07-9aa2-4ef1-965c-58facaf5f2e3,Follow The Wine,01 Field Locations,Quails Gate Blocks,,TRUE,6/22/2017
TRUE,TRUE,FALSE,50020190095,5-5 Estate Upper,5/6/2019 10:31:59 AM,judy.sfevine,1,5/6/2019,,95ac92dc-0be5-4fff-bf1d-91b28081140f,Follow The Wine,01 Field Locations,Quails Gate Blocks,,TRUE,6/22/2017
TRUE,TRUE,FALSE,50020190096,5-6 Estate Upper,5/6/2019 10:30:45 AM,judy.sfevine,1,5/6/2019,,8ce303f2-e909-4d82-8009-575f18c05809,Follow The Wine,01 Field Locations,Quails Gate Blocks,,TRUE,6/22/2017
TRUE,TRUE,FALSE,50020190036,9-3 Mannhardt,5/6/2019 10:24:09 AM,judy.sfevine,1,5/6/2019,,42da7d71-a3f6-4c98-81ae-c3fdf4f02b5c,Follow The Wine,01 Field Locations,Quails Gate Blocks,,TRUE,6/22/2017
TRUE,TRUE,FALSE,50020190026,8-3 Mannhardt,5/6/2019 10:20:02 AM,judy.sfevine,1,5/6/2019,,f4fe0256-2ac6-4f82-acdf-0ac70db10173,Follow The Wine,01 Field Locations,Quails Gate Blocks,,TRUE,6/22/2017
TRUE,TRUE,FALSE,50020190082,4-2 Estate,5/6/2019 10:10:35 AM,judy.sfevine,1,5/6/2019,,5b48a06b-abbe-49ef-8aef-662a9f0897bd,Follow The Wine,01 Field Locations,Quails Gate Blocks,,TRUE,6/22/2017
TRUE,TRUE,FALSE,50020190071,3-1 Estate,5/6/2019 10:06:50 AM,judy.sfevine,1,5/6/2019,,1a9b6e40-491e-4c1b-ab63-7299d91947c1,Follow The Wine,01 Field Locations,Quails Gate Blocks,,TRUE,6/22/2017
TRUE,TRUE,FALSE,50020190073,3-3 Estate,5/6/2019 10:02:03 AM,judy.sfevine,1,5/6/2019,,5820a472-38a0-46f3-928b-08bbf5ff473a,Follow The Wine,01 Field Locations,Quails Gate Blocks,,TRUE,6/22/2017
TRUE,TRUE,FALSE,50020190074,3-4 Estate,5/6/2019 9:58:40 AM,judy.sfevine,1,5/6/2019,,64d960fe-5fc8-43d5-8285-207c1fab9081,Follow The Wine,01 Field Locations,Quails Gate Blocks,,TRUE,6/22/2017
TRUE,TRUE,FALSE,50020190087,4-7 Estate,5/6/2019 8:45:15 AM,judy.sfevine,1,5/3/2019,,63d49b21-f0e3-41c7-8184-6e0c0cc48597,Follow The Wine,01 Field Locations,Quails Gate Blocks,,TRUE,6/22/2017
TRUE,TRUE,FALSE,50020190088,4-8 Estate,5/6/2019 8:43:03 AM,judy.sfevine,1,5/3/2019,,bf7bbe06-8b52-41ab-985f-8e87282f4e86,Follow The Wine,01 Field Locations,Quails Gate Blocks,,TRUE,6/22/2017
TRUE,TRUE,FALSE,50020190080,4-10 Estate,5/6/2019 8:37:34 AM,judy.sfevine,1,5/3/2019,,59cfbbe0-ca5f-4c8a-94a5-7e9fc4b9491b,Follow The Wine,01 Field Locations,Quails Gate Blocks,,TRUE,6/22/2017
TRUE,TRUE,FALSE,50020190089,4-9 Estate,5/6/2019 8:34:38 AM,judy.sfevine,1,5/3/2019,,db67e88a-bdae-4979-a2e9-209074a9a9b4,Follow The Wine,01 Field Locations,Quails Gate Blocks,,TRUE,6/22/2017
TRUE,TRUE,FALSE,50020190078,3-8 Estate,5/6/2019 8:32:58 AM,judy.sfevine,1,5/3/2019,,926b6776-a9ca-420d-afc9-f1f5fb6091bf,Follow The Wine,01 Field Locations,Quails Gate Blocks,,TRUE,6/22/2017
TRUE,TRUE,FALSE,50020190077,3-7 Estate,5/6/2019 8:32:11 AM,judy.sfevine,1,5/3/2019,,e8321496-f672-4eaa-9934-81390c83fdb2,Follow The Wine,01 Field Locations,Quails Gate Blocks,,TRUE,6/22/2017
TRUE,TRUE,FALSE,50020190076,3-6 Estate,5/6/2019 8:27:59 AM,judy.sfevine,1,5/3/2019,,697ed690-24d1-4f1d-90da-6e4036789ee5,Follow The Wine,01 Field Locations,Quails Gate Blocks,,TRUE,6/22/2017
TRUE,TRUE,FALSE,50020190075,3-5 Estate,5/6/2019 8:23:20 AM,judy.sfevine,1,5/3/2019,,c23bcc69-1f1b-4d69-97ab-a97f125e3a09,Follow The Wine,01 Field Locations,Quails Gate Blocks,,TRUE,6/22/2017
TRUE,TRUE,FALSE,50020190066,2-5 Estate,5/6/2019 7:29:34 AM,judy.sfevine,1,5/3/2019,,c4cd2baf-5e62-4b7a-8d94-5d78142e3fdf,Follow The Wine,01 Field Locations,Quails Gate Blocks,,TRUE,6/22/2017
TRUE,TRUE,FALSE,50020190042,3 Martyna • 1.275,5/3/2019 10:34:07 AM,trevor.sfevine,1,5/3/2019,,f9eebd13-7aa6-40a0-92c1-c33b2bb76096,Follow The Wine,01 Field Locations,Quails Gate Blocks,,TRUE,6/22/2017
FALSE,TRUE,FALSE,50020190263,6-3 Stewart Family Estates,5/3/2019 9:16:56 AM,trevor.sfevine,1,5/3/2019,,c4c3aaec-cce7-4fae-8235-b6e90a7810e7,Follow The Wine,01 Field Locations,Quails Gate Blocks,,TRUE,3/12/2019
FALSE,TRUE,FALSE,50020190262,6-2 Stewart Family Estates,5/3/2019 9:11:02 AM,trevor.sfevine,1,5/3/2019,,01d36de1-f496-4703-bdde-2afb5ac24fd8,Follow The Wine,01 Field Locations,Quails Gate Blocks,,TRUE,3/12/2019
FALSE,TRUE,FALSE,50020190261,6-1 Stewart Family Estates,5/3/2019 9:06:35 AM,trevor.sfevine,1,5/3/2019,,1369a1de-df8b-4ad9-a796-21c6fb0eab63,Follow The Wine,01 Field Locations,Quails Gate Blocks,,TRUE,3/12/2019
FALSE,TRUE,FALSE,50020190251,5-1 Stewart Family Estates,5/3/2019 9:00:26 AM,trevor.sfevine,1,5/3/2019,,b6681e0f-b8d1-4626-a1ef-4db1057f0cd5,Follow The Wine,01 Field Locations,Quails Gate Blocks,,TRUE,3/12/2019
FALSE,TRUE,FALSE,50020190243,4-3 Stewart Family Estates • 0.581,5/3/2019 8:37:51 AM,trevor.sfevine,1,5/3/2019,,229a0079-a3cf-40d0-9df3-0185ed1b4f88,Follow The Wine,01 Field Locations,Quails Gate Blocks,,TRUE,3/12/2019
FALSE,TRUE,FALSE,50020190222,2-2 Stewart Family Estates,5/3/2019 7:35:02 AM,trevor.sfevine,1,5/3/2019,Ries 49/3309 SFE 2-2,b47f826b-2dc8-42e8-98bf-2fbcc265b427,Follow The Wine,01 Field Locations,Quails Gate Blocks,,TRUE,3/12/2019
FALSE,TRUE,FALSE,50020190232,3-2 Stewart Family Estates • 0.926,5/3/2019 7:25:41 AM,trevor.sfevine,1,5/3/2019,,c41ed099-2a57-462d-aa03-63751b2ea525,Follow The Wine,01 Field Locations,Quails Gate Blocks,,TRUE,3/12/2019
FALSE,TRUE,FALSE,50020190231,3-1 Stewart Family Estates,5/3/2019 7:11:30 AM,trevor.sfevine,1,5/3/2019,,d74e5f3f-e5dc-47d8-87bd-8dc5c11ff134,Follow The Wine,01 Field Locations,Quails Gate Blocks,,TRUE,3/12/2019
TRUE,TRUE,FALSE,50020190081,4-11 Estate,5/1/2019 2:47:42 PM,jo.sfevine,1,5/1/2019,,b4383f27-a092-4b95-a960-9301bf6ee592,Follow The Wine,01 Field Locations,Quails Gate Blocks,,TRUE,6/22/2017
TRUE,TRUE,FALSE,50020190060,1-6 Estate,5/1/2019 2:20:15 PM,jo.sfevine,1,5/2/2019,,61e49bbb-99ce-49f8-bca8-6739cf63118a,Follow The Wine,01 Field Locations,Quails Gate Blocks,,TRUE,6/22/2017
TRUE,TRUE,FALSE,50020190059,1-5 Estate,5/1/2019 2:19:27 PM,jo.sfevine,1,5/2/2019,,c8087262-a6d0-4ab4-b3fd-16041f8026eb,Follow The Wine,01 Field Locations,Quails Gate Blocks,,TRUE,6/22/2017
TRUE,TRUE,FALSE,50020190098,5-8 Estate,5/1/2019 2:11:25 PM,jo.sfevine,1,5/1/2019,,00127110-86be-40b7-8e67-f6790bc75ae6,Follow The Wine,01 Field Locations,Quails Gate Blocks,,TRUE,6/22/2017
TRUE,TRUE,FALSE,50020190094,5-4 Estate Upper,5/1/2019 2:01:23 PM,jo.sfevine,1,5/1/2019,,54bee1a4-8364-4b45-bc66-c87b64d2faec,Follow The Wine,01 Field Locations,Quails Gate Blocks,,TRUE,6/22/2017
TRUE,TRUE,FALSE,50020190093,5-3 Estate Upper,5/1/2019 2:00:06 PM,jo.sfevine,1,5/1/2019,,26d402db-f1cd-4520-aee8-207ada6ed275,Follow The Wine,01 Field Locations,Quails Gate Blocks,,TRUE,6/22/2017
TRUE,TRUE,FALSE,50020190092,5-2 Estate Upper,5/1/2019 1:57:51 PM,jo.sfevine,1,5/1/2019,,67211796-e179-444e-b6e3-213354131186,Follow The Wine,01 Field Locations,Quails Gate Blocks,,TRUE,6/22/2017
TRUE,TRUE,FALSE,50020190090,5-1 Estate Upper,5/1/2019 1:56:46 PM,jo.sfevine,1,5/1/2019,,594ce46e-826d-45f2-9df5-922b453635e9,Follow The Wine,01 Field Locations,Quails Gate Blocks,,TRUE,6/22/2017
TRUE,TRUE,FALSE,50020190030,8-7 Mannhardt,5/1/2019 10:53:13 AM,jo.sfevine,1,5/1/2019,,bd0f9d5f-2a70-4a5e-b323-c3d6e136938d,Follow The Wine,01 Field Locations,Quails Gate Blocks,,TRUE,6/22/2017
TRUE,TRUE,FALSE,50020190031,8-8 Mannhardt,5/1/2019 10:52:00 AM,jo.sfevine,1,5/1/2019,,f3f34135-f12e-4329-9703-5917e58d275f,Follow The Wine,01 Field Locations,Quails Gate Blocks,,TRUE,6/22/2017
TRUE,TRUE,FALSE,50020190032,8-9 Mannhardt,5/1/2019 10:50:38 AM,jo.sfevine,1,5/1/2019,,fec029ec-7bb6-4702-9eac-a28895d6b805,Follow The Wine,01 Field Locations,Quails Gate Blocks,,TRUE,6/22/2017
TRUE,TRUE,FALSE,50020190023,7-5 Mannhardt,5/1/2019 10:49:26 AM,jo.sfevine,1,5/1/2019,,6cc4d962-e831-4684-8d41-6e05cac199c4,Follow The Wine,01 Field Locations,Quails Gate Blocks,,TRUE,6/22/2017
TRUE,TRUE,FALSE,50020190033,8-10 Mannhardt,5/1/2019 10:48:32 AM,jo.sfevine,1,5/1/2019,,dc6e77f4-d1f2-406c-bff9-c713594f351f,Follow The Wine,01 Field Locations,Quails Gate Blocks,,TRUE,6/22/2017
TRUE,TRUE,FALSE,50020190021,7-3 Mannhardt,5/1/2019 10:44:12 AM,jo.sfevine,1,5/1/2019,,87261580-17bb-45a9-925a-bb0ab40d1feb,Follow The Wine,01 Field Locations,Quails Gate Blocks,,TRUE,6/22/2017
TRUE,TRUE,FALSE,50020190067,,4/30/2019 9:23:04 AM,jo.sfevine,1,4/30/2019,,93c7b4c9-e579-4189-87eb-a905130ffb60,Follow The Wine,02 Conveyance,Bins,,TRUE,6/22/2017
TRUE,TRUE,FALSE,50020190055,1-2 Estate • 0.531,4/29/2019 3:12:09 PM,jo.sfevine,1,4/29/2019,,39ed2802-f6a3-4a30-ad5f-c56730c9cc72,Follow The Wine,01 Field Locations,Quails Gate Blocks,,TRUE,6/22/2017
TRUE,TRUE,FALSE,50020190022,7-4 Mannhardt,4/29/2019 11:25:40 AM,judy.sfevine,1,4/29/2019,,52347037-5885-4484-9b89-ebfa3adfcf23,Follow The Wine,01 Field Locations,Quails Gate Blocks,,TRUE,6/22/2017
TRUE,TRUE,FALSE,50020190027,8-4 Mannhardt,4/29/2019 11:23:34 AM,judy.sfevine,1,4/25/2019,,b1b403aa-fefb-4ea7-b01b-c0c0d55da2f4,Follow The Wine,01 Field Locations,Quails Gate Blocks,,TRUE,6/22/2017
TRUE,TRUE,FALSE,50020190083,4-3 Estate,4/29/2019 10:52:00 AM,judy.sfevine,1,4/29/2019,,61f3e487-2419-478f-a5d4-06edcdcc86ac,Follow The Wine,01 Field Locations,Quails Gate Blocks,,TRUE,6/22/2017
TRUE,TRUE,FALSE,50020190079,4-1 Estate • 0.555,4/29/2019 10:47:38 AM,judy.sfevine,1,4/25/2019,,a79bd17c-37ac-4575-8427-46cd1d39edee,Follow The Wine,01 Field Locations,Quails Gate Blocks,,TRUE,6/22/2017
TRUE,TRUE,FALSE,50020190084,4-4 Estate,4/27/2019 4:40:09 PM,jo.sfevine,1,4/26/2019,,f330cf1d-705e-4a48-a48f-28a23ba8ae14,Follow The Wine,01 Field Locations,Quails Gate Blocks,,TRUE,6/22/2017
TRUE,TRUE,FALSE,50020190072,3-2 Estate,4/27/2019 4:36:44 PM,jo.sfevine,1,4/26/2019,,69855dfa-c1bc-4dae-83e8-0603db037ca9,Follow The Wine,01 Field Locations,Quails Gate Blocks,,TRUE,6/22/2017
TRUE,TRUE,FALSE,50020190002,1 Osoyoos • 0.726,4/22/2019 9:44:25 AM,judy.sfevine,1,4/20/2019,,488546ab-0f64-4365-af9f-ed0df0a31c22,Follow The Wine,01 Field Locations,Quails Gate Blocks,,TRUE,6/22/2017
TRUE,TRUE,FALSE,50020190006,5 Osoyoos • 10.686,4/22/2019 9:28:47 AM,judy.sfevine,1,4/20/2019,,295a269c-6fd4-4a75-b499-933b016c8ea0,Follow The Wine,01 Field Locations,Quails Gate Blocks,,TRUE,6/22/2017
TRUE,TRUE,FALSE,50020190007,6 Osoyoos • 25.822,4/22/2019 9:27:00 AM,judy.sfevine,1,4/20/2019,,b6aea529-b7df-4800-ae75-1c3f559f2cce,Follow The Wine,01 Field Locations,Quails Gate Blocks,,TRUE,6/22/2017
TRUE,TRUE,FALSE,50020190021,7-3 Mannhardt,7/9/2018 10:45:46 AM,kberendt.sfevine,,7/9/2018,Mannhardt F7B3. No visible powdery mildew,00000000-0000-0000-0000-000000000000,Follow The Wine,01 Field Locations,Quails Gate Blocks,,TRUE,6/22/2017
TRUE,TRUE,FALSE,50020190036,9-3 Mannhardt,7/4/2018 7:47:08 AM,kberendt.sfevine,,7/4/2018,B9F3 row 35 clean for powdery mildew,2f1c9d30-b2a9-4d23-bb45-83d467430e48,Follow The Wine,01 Field Locations,Quails Gate Blocks,,TRUE,6/22/2017
TRUE,TRUE,FALSE,50020190036,9-3 Mannhardt,7/4/2018 7:44:16 AM,kberendt.sfevine,,7/4/2018,B9F3 row 25 clean for powdery mildew,4a9acd7a-26d2-4b91-b2c5-b32d4c853fb4,Follow The Wine,01 Field Locations,Quails Gate Blocks,,TRUE,6/22/2017
TRUE,TRUE,FALSE,50020190036,9-3 Mannhardt,7/4/2018 7:41:55 AM,kberendt.sfevine,,7/4/2018,B9F3 row 15 clean for powdery mildew,69661ca5-727e-4e6b-a165-b32cec9b0a2e,Follow The Wine,01 Field Locations,Quails Gate Blocks,,TRUE,6/22/2017
TRUE,TRUE,FALSE,50020190036,9-3 Mannhardt,7/4/2018 7:39:04 AM,kberendt.sfevine,,7/4/2018,B9F3 row 10 clean for powdery mildew,b650274a-19b4-4bbd-b916-f63f23d8f767,Follow The Wine,01 Field Locations,Quails Gate Blocks,,TRUE,6/22/2017
TRUE,TRUE,FALSE,50020190036,9-3 Mannhardt,7/4/2018 7:36:32 AM,kberendt.sfevine,,7/4/2018,B9F3 row 5 clean for powdery mildew,813b4ffb-bf58-4af0-91d1-e22e3e1a0de6,Follow The Wine,01 Field Locations,Quails Gate Blocks,,TRUE,6/22/2017
TRUE,TRUE,FALSE,50020190027,8-4 Mannhardt,7/4/2018 7:21:56 AM,kberendt.sfevine,,7/4/2018,B8F4 row 5 clean for powdery mildew,5fbd3311-d1b0-4480-82a0-6ec59d28e629,Follow The Wine,01 Field Locations,Quails Gate Blocks,,TRUE,6/22/2017
TRUE,TRUE,FALSE,50020190027,8-4 Mannhardt,7/4/2018 7:17:55 AM,kberendt.sfevine,,7/4/2018,B8F4 row 10 clean for powdery mildew,470b4612-dab5-4bbd-8659-3ba3832548a8,Follow The Wine,01 Field Locations,Quails Gate Blocks,,TRUE,6/22/2017
TRUE,TRUE,FALSE,50020190027,8-4 Mannhardt,7/4/2018 7:10:12 AM,kberendt.sfevine,,7/4/2018,B8F4 row 15 clean for powdery mildew,ece05601-ce54-49d8-b19d-fb715459da84,Follow The Wine,01 Field Locations,Quails Gate Blocks,,TRUE,6/22/2017
TRUE,TRUE,FALSE,50020190027,8-4 Mannhardt,7/4/2018 7:07:45 AM,kberendt.sfevine,,7/4/2018,B8F4 row 20 clean for powdery mildew,977d51a4-bda8-49ba-855c-4e37ae00538e,Follow The Wine,01 Field Locations,Quails Gate Blocks,,TRUE,6/22/2017
TRUE,TRUE,FALSE,50020190025,8-2 Mannhardt,7/4/2018 6:58:55 AM,kberendt.sfevine,,7/4/2018,B8F2 row 15 clean for powdery mildew,7cdadd1b-4158-4515-9e1b-42bb780169b1,Follow The Wine,01 Field Locations,Quails Gate Blocks,,TRUE,6/22/2017
TRUE,TRUE,FALSE,50020190025,8-2 Mannhardt,7/4/2018 6:48:02 AM,kberendt.sfevine,,7/4/2018,B8F2 row 10 clean for powdery mildew,4e9769ba-6707-461c-853b-bb516e2c855d,Follow The Wine,01 Field Locations,Quails Gate Blocks,,TRUE,6/22/2017
TRUE,TRUE,FALSE,50020190025,8-2 Mannhardt,7/4/2018 6:34:39 AM,kberendt.sfevine,,7/4/2018,B8F2 row 5 clean for powdery mildew,ee39ba11-7e9e-473e-8101-5a6928d6a2bf,Follow The Wine,01 Field Locations,Quails Gate Blocks,,TRUE,6/22/2017
TRUE,TRUE,FALSE,50020190094,5-4 Estate Upper,7/3/2018 2:00:43 PM,kberendt.sfevine,,7/3/2018,F5B4 row 34 small amount of powdery mildew,0c92b3b0-a659-4547-a290-aca83760d281,Follow The Wine,01 Field Locations,Quails Gate Blocks,,TRUE,6/22/2017
TRUE,TRUE,FALSE,50020190093,5-3 Estate Upper,7/3/2018 1:51:52 PM,kberendt.sfevine,,7/3/2018,F5B3 row 30 powdery mildew,79e5bfec-1c3a-4e3e-8260-1268e39ace31,Follow The Wine,01 Field Locations,Quails Gate Blocks,,TRUE,6/22/2017
TRUE,TRUE,FALSE,50020190093,5-3 Estate Upper,7/3/2018 1:46:54 PM,kberendt.sfevine,,7/3/2018,F5B3 row 30 powdery mildew,8ff49a20-cced-48d9-8bbf-fca60db53009,Follow The Wine,01 Field Locations,Quails Gate Blocks,,TRUE,6/22/2017
TRUE,TRUE,FALSE,50020190093,5-3 Estate Upper,7/3/2018 1:43:02 PM,kberendt.sfevine,,7/3/2018,F5B3 row 25 clean for pm,dac0a844-e82f-4b7b-8c82-23e7a263a9d9,Follow The Wine,01 Field Locations,Quails Gate Blocks,,TRUE,6/22/2017
TRUE,TRUE,FALSE,50020190092,5-2 Estate Upper,7/3/2018 1:37:23 PM,kberendt.sfevine,,7/3/2018,F5B2 row 20 clean for pm,a813b2d8-2d39-4e09-a7b7-975fecfe37aa,Follow The Wine,01 Field Locations,Quails Gate Blocks,,TRUE,6/22/2017
TRUE,TRUE,FALSE,50020190092,5-2 Estate Upper,7/3/2018 1:30:27 PM,kberendt.sfevine,,7/3/2018,F5B2 row 15 clean for pm,3c49c945-13b3-40fd-b47b-5553ed1cf976,Follow The Wine,01 Field Locations,Quails Gate Blocks,,TRUE,6/22/2017
TRUE,TRUE,FALSE,50020190090,5-1 Estate Upper,7/3/2018 1:21:48 PM,kberendt.sfevine,,7/3/2018,F5B1 row 10 clean for pm,e48b6741-fdbc-427c-a7ca-7a29b032bd27,Follow The Wine,01 Field Locations,Quails Gate Blocks,,TRUE,6/22/2017
TRUE,TRUE,FALSE,50020190090,5-1 Estate Upper,7/3/2018 1:12:03 PM,kberendt.sfevine,,7/3/2018,F5B1 row 5  clean for pm,df60b848-72ce-45c5-86b0-62588bb7ef4f,Follow The Wine,01 Field Locations,Quails Gate Blocks,,TRUE,6/22/2017
TRUE,TRUE,FALSE,50020190021,7-3 Mannhardt,6/13/2018 1:44:43 PM,judy.sfevine,2,6/11/2018,,117c2ad8-0ac3-4106-9449-20dcd1d5c19b,Follow The Wine,01 Field Locations,Quails Gate Blocks,,TRUE,6/22/2017
TRUE,TRUE,FALSE,50020190013,3 Blue Fox,6/13/2018 1:33:39 PM,judy.sfevine,2,6/11/2018,,2bd908f3-9d05-4696-8705-6d2cec2db012,Follow The Wine,01 Field Locations,Quails Gate Blocks,,TRUE,6/22/2017
TRUE,TRUE,FALSE,50020190011,1 Blue Fox,6/13/2018 1:31:33 PM,judy.sfevine,2,6/11/2018,,5f597f8f-5402-4004-bf19-63980e855269,Follow The Wine,01 Field Locations,Quails Gate Blocks,,TRUE,6/22/2017
TRUE,TRUE,FALSE,50020190064,2-3 Estate,6/13/2018 1:18:46 PM,judy.sfevine,2,6/11/2018,,33d94bc2-701a-478d-b6c7-ab3e06a264eb,Follow The Wine,01 Field Locations,Quails Gate Blocks,,TRUE,6/22/2017
TRUE,TRUE,FALSE,50020190061,1-7 Estate,6/13/2018 1:16:58 PM,judy.sfevine,2,6/11/2018,,9d330cca-e9a4-462c-b9ac-c289acf4caea,Follow The Wine,01 Field Locations,Quails Gate Blocks,,TRUE,6/22/2017
TRUE,TRUE,FALSE,50020190065,2-4 Estate,6/13/2018 11:13:30 AM,judy.sfevine,2,6/11/2018,,e575cb01-9802-4135-8aa4-4b77614c9123,Follow The Wine,01 Field Locations,Quails Gate Blocks,,TRUE,6/22/2017
TRUE,TRUE,FALSE,50020190099,5-9 Estate,6/8/2018 1:37:22 PM,jo.sfevine,2,6/8/2018,,e1f6bd78-8f69-47a5-8fa2-88119c872062,Follow The Wine,01 Field Locations,Quails Gate Blocks,,TRUE,6/22/2017
TRUE,TRUE,FALSE,50020190098,5-8 Estate,6/8/2018 1:34:58 PM,jo.sfevine,2,6/8/2018,,766ffefc-589e-4379-bb73-3648d4ef7e6e,Follow The Wine,01 Field Locations,Quails Gate Blocks,,TRUE,6/22/2017
TRUE,TRUE,FALSE,50020190109,8 West Point • 1.440,6/8/2018 1:15:30 PM,judy.sfevine,2,6/11/2018,,06202ce3-e099-4b24-838e-3fb1b6ffb8b5,Follow The Wine,01 Field Locations,Quails Gate Blocks,,TRUE,6/22/2017
TRUE,TRUE,FALSE,50020190043,4 Martyna • 0.307,6/8/2018 11:27:51 AM,judy.sfevine,2,6/11/2018,,370073f7-5f42-418d-8eca-bcc1b8bb5553,Follow The Wine,01 Field Locations,Quails Gate Blocks,,TRUE,6/22/2017
TRUE,TRUE,FALSE,50020190044,5 Martyna,6/8/2018 11:26:42 AM,judy.sfevine,2,6/11/2018,,8f09923d-0056-4f75-8921-a44fe18c22c3,Follow The Wine,01 Field Locations,Quails Gate Blocks,,TRUE,6/22/2017
TRUE,TRUE,FALSE,50020190042,3 Martyna • 1.275,6/8/2018 11:24:48 AM,judy.sfevine,2,6/11/2018,,f02dc3f7-892a-4197-b970-59125f8a0d89,Follow The Wine,01 Field Locations,Quails Gate Blocks,,TRUE,6/22/2017
TRUE,TRUE,FALSE,50020190041,2 Martyna,6/8/2018 11:14:42 AM,judy.sfevine,2,6/11/2018,,ef74cc6d-bfc4-4e60-bd64-cef0f10725e9,Follow The Wine,01 Field Locations,Quails Gate Blocks,,TRUE,6/22/2017
TRUE,TRUE,FALSE,50020190040,1 Martyna • 1.255,6/8/2018 11:12:50 AM,judy.sfevine,2,6/11/2018,,87b50601-6206-44fc-bcb8-91473c38007d,Follow The Wine,01 Field Locations,Quails Gate Blocks,,TRUE,6/22/2017
TRUE,TRUE,FALSE,50020190012,2 Blue Fox,6/8/2018 10:38:35 AM,jo.sfevine,2,6/8/2018,,6e45369e-6ce0-4781-895d-3f25f23f598c,Follow The Wine,01 Field Locations,Quails Gate Blocks,,TRUE,6/22/2017
TRUE,TRUE,FALSE,50020190046,1 Patricia • 20.1074,6/8/2018 9:55:38 AM,judy.sfevine,2,6/11/2018,,da54fd0c-cb1e-4a71-98fd-a2dbbe820338,Follow The Wine,01 Field Locations,Quails Gate Blocks,,TRUE,6/22/2017
TRUE,TRUE,FALSE,50020190049,4 Patricia,6/8/2018 9:52:11 AM,judy.sfevine,2,6/11/2018,,ab5cd096-26cf-41ec-86fb-f5628adcf298,Follow The Wine,01 Field Locations,Quails Gate Blocks,,TRUE,6/22/2017
TRUE,TRUE,FALSE,50020190047,2 Patricia,6/8/2018 9:49:06 AM,judy.sfevine,2,6/11/2018,,26cdcacf-51a4-4795-9cae-1f94df84a9de,Follow The Wine,01 Field Locations,Quails Gate Blocks,,TRUE,6/22/2017
TRUE,TRUE,FALSE,50020190019,7-1 Mannhardt,6/8/2018 9:35:00 AM,jo.sfevine,2,6/8/2018,,0ac78d12-b14d-4705-b470-2173f551c8ff,Follow The Wine,01 Field Locations,Quails Gate Blocks,,TRUE,6/22/2017
TRUE,TRUE,FALSE,50020190038,9-5 Mannhardt,6/8/2018 9:32:42 AM,jo.sfevine,2,6/8/2018,,17944abb-453c-470e-8926-a6ceb6d0bc09,Follow The Wine,01 Field Locations,Quails Gate Blocks,,TRUE,6/22/2017
TRUE,TRUE,FALSE,50020190037,9-4 Mannhardt,6/8/2018 9:31:52 AM,jo.sfevine,2,6/8/2018,,741c7a17-7a12-485e-8786-f42464a2a959,Follow The Wine,01 Field Locations,Quails Gate Blocks,,TRUE,6/22/2017
TRUE,TRUE,FALSE,50020190035,9-2 Mannhardt,6/8/2018 9:29:54 AM,jo.sfevine,2,6/8/2018,,94e76c40-dfc9-4ef3-9eb9-858200ef9804,Follow The Wine,01 Field Locations,Quails Gate Blocks,,TRUE,6/22/2017
TRUE,TRUE,FALSE,50020190034,9-1 Mannhardt,6/8/2018 9:29:12 AM,jo.sfevine,2,6/8/2018,,f0eaf9a3-51e5-4277-ada4-c749ee891ed9,Follow The Wine,01 Field Locations,Quails Gate Blocks,,TRUE,6/22/2017
TRUE,TRUE,FALSE,50020190020,7-2 Mannhardt,6/8/2018 9:25:38 AM,jo.sfevine,2,6/8/2018,,81aacc11-2e75-4522-9017-bf454a94cbed,Follow The Wine,01 Field Locations,Quails Gate Blocks,,TRUE,6/22/2017
TRUE,TRUE,FALSE,50020190024,8-1 Mannhardt,6/8/2018 9:23:57 AM,jo.sfevine,2,6/8/2018,,64d73748-094c-4da4-bd6f-9bf6a88fd771,Follow The Wine,01 Field Locations,Quails Gate Blocks,,TRUE,6/22/2017
TRUE,TRUE,FALSE,50020190026,8-3 Mannhardt,6/8/2018 9:22:43 AM,jo.sfevine,2,6/8/2018,,b1da9fd6-3304-4601-ab9f-5761e2175f97,Follow The Wine,01 Field Locations,Quails Gate Blocks,,TRUE,6/22/2017
TRUE,TRUE,FALSE,50020190025,8-2 Mannhardt,6/8/2018 9:21:57 AM,jo.sfevine,2,6/8/2018,,67fee938-0dba-42ec-9326-98e28466d7e8,Follow The Wine,01 Field Locations,Quails Gate Blocks,,TRUE,6/22/2017
TRUE,TRUE,FALSE,50020190100,6-1 Estate,6/8/2018 9:11:47 AM,jo.sfevine,2,6/8/2018,,2f6e5e28-1007-49fc-be6f-57cddd0e344b,Follow The Wine,01 Field Locations,Quails Gate Blocks,,TRUE,6/22/2017
TRUE,TRUE,FALSE,50020190101,6-2 Estate,6/8/2018 9:11:05 AM,jo.sfevine,2,6/8/2018,,e7b67e44-5e4f-4c5d-9e14-6f096bf9f851,Follow The Wine,01 Field Locations,Quails Gate Blocks,,TRUE,6/22/2017
TRUE,TRUE,FALSE,50020190086,4-6 Estate,6/8/2018 9:08:33 AM,jo.sfevine,2,6/8/2018,,86ecee7a-0198-4c19-a7b7-279209d49624,Follow The Wine,01 Field Locations,Quails Gate Blocks,,TRUE,6/22/2017
TRUE,TRUE,FALSE,50020190097,5-7 Estate,6/8/2018 9:06:11 AM,jo.sfevine,2,6/8/2018,,65195a06-32d4-4903-90dc-2d53e61c51fd,Follow The Wine,01 Field Locations,Quails Gate Blocks,,TRUE,6/22/2017
TRUE,TRUE,FALSE,50020190067,,6/8/2018 9:04:18 AM,jo.sfevine,2,6/9/2018,,faee90b6-de5f-4ee8-ac8f-703bebaed2ea,Follow The Wine,02 Conveyance,Bins,,TRUE,6/22/2017
TRUE,TRUE,FALSE,50020190058,1-4 Estate • 2.300,6/8/2018 8:59:43 AM,jo.sfevine,2,6/8/2018,,9c512ab5-54b6-4f71-8650-e9e8f6599e70,Follow The Wine,01 Field Locations,Quails Gate Blocks,,TRUE,6/22/2017
TRUE,TRUE,FALSE,50020190060,1-6 Estate,6/8/2018 8:57:37 AM,jo.sfevine,2,6/8/2018,,246eec67-e773-4d5c-8390-04d2a95d1b9b,Follow The Wine,01 Field Locations,Quails Gate Blocks,,TRUE,6/22/2017
TRUE,TRUE,FALSE,50020190059,1-5 Estate,6/8/2018 8:56:05 AM,jo.sfevine,2,6/8/2018,,390186f6-9517-4785-aa15-4e69203c9c28,Follow The Wine,01 Field Locations,Quails Gate Blocks,,TRUE,6/22/2017
TRUE,TRUE,FALSE,50020190103,1 West Point • 0.840,6/8/2018 6:39:10 AM,judy.sfevine,2,6/11/2018,,1afd1a3e-6443-4b22-8662-f91650bad550,Follow The Wine,01 Field Locations,Quails Gate Blocks,,TRUE,6/22/2017
TRUE,TRUE,FALSE,50020190104,2 West Point • 3.281,6/8/2018 6:33:40 AM,judy.sfevine,2,6/8/2018,,46d937d8-838c-4bcc-bc7d-ff7a78651343,Follow The Wine,01 Field Locations,Quails Gate Blocks,,TRUE,6/22/2017
TRUE,TRUE,FALSE,50020190105,3 West Point • 0.357,6/8/2018 6:31:10 AM,judy.sfevine,2,6/8/2018,,49219780-0991-4dab-9b92-55d248553b8a,Follow The Wine,01 Field Locations,Quails Gate Blocks,,TRUE,6/22/2017
TRUE,TRUE,FALSE,50020190106,4 West Point • 7.879,6/8/2018 6:29:08 AM,judy.sfevine,2,6/11/2018,,d747fc54-509c-435a-b58a-a53b6aaed379,Follow The Wine,01 Field Locations,Quails Gate Blocks,,TRUE,6/22/2017
TRUE,TRUE,FALSE,50020190107,5 & 6 West Point • 1.625,6/8/2018 6:22:35 AM,judy.sfevine,2,6/8/2018,,f7317228-9e72-4450-a098-5113570b8c85,Follow The Wine,01 Field Locations,Quails Gate Blocks,,TRUE,6/22/2017
TRUE,TRUE,FALSE,50020190107,5 & 6 West Point • 1.625,6/8/2018 6:21:22 AM,judy.sfevine,2,6/8/2018,,f774221a-31a5-4ae8-9cc4-c94e465c0d55,Follow The Wine,01 Field Locations,Quails Gate Blocks,,TRUE,6/22/2017
TRUE,TRUE,FALSE,50020190108,7 West Point • 9.431,6/8/2018 6:20:15 AM,judy.sfevine,2,6/8/2018,,e5562bfe-27f5-48da-b93e-23ea003a824a,Follow The Wine,01 Field Locations,Quails Gate Blocks,,TRUE,6/22/2017
TRUE,TRUE,FALSE,50020190073,3-3 Estate,6/7/2018 8:54:28 AM,jo.sfevine,2,6/7/2018,,789aa4be-2f4c-43d1-a093-707dc8c6a91b,Follow The Wine,01 Field Locations,Quails Gate Blocks,,TRUE,6/22/2017
TRUE,TRUE,FALSE,50020190085,4-5 Estate,6/7/2018 8:51:58 AM,jo.sfevine,2,6/7/2018,,91e41005-14a1-4949-9d2b-5d3e8d0e8d3a,Follow The Wine,01 Field Locations,Quails Gate Blocks,,TRUE,6/22/2017
TRUE,TRUE,FALSE,50020190028,8-5 Mannhardt,6/7/2018 8:28:05 AM,jo.sfevine,2,6/7/2018,,1cee0ae7-27e0-42d9-addc-b3df849ea7a9,Follow The Wine,01 Field Locations,Quails Gate Blocks,,TRUE,6/22/2017
TRUE,TRUE,FALSE,50020190030,8-7 Mannhardt,6/7/2018 8:27:10 AM,jo.sfevine,2,6/7/2018,,5f25ee2a-7981-43da-b598-81e816670bc3,Follow The Wine,01 Field Locations,Quails Gate Blocks,,TRUE,6/22/2017
TRUE,TRUE,FALSE,50020190023,7-5 Mannhardt,6/7/2018 8:25:25 AM,jo.sfevine,2,6/7/2018,,d7fa9761-154b-4ad8-9df0-ac1d5bee5531,Follow The Wine,01 Field Locations,Quails Gate Blocks,,TRUE,6/22/2017
TRUE,TRUE,FALSE,50020190057,1-3 Estate • 0.931,6/7/2018 7:51:13 AM,jo.sfevine,2,6/7/2018,,43b56a13-6b17-4c26-b0aa-e7a141b483f9,Follow The Wine,01 Field Locations,Quails Gate Blocks,,TRUE,6/22/2017
TRUE,TRUE,FALSE,50020190033,8-10 Mannhardt,6/7/2018 7:44:04 AM,jo.sfevine,2,6/7/2018,,813acb25-1d2d-4868-b9a0-848ce8132090,Follow The Wine,01 Field Locations,Quails Gate Blocks,,TRUE,6/22/2017
TRUE,TRUE,FALSE,50020190032,8-9 Mannhardt,6/7/2018 7:42:52 AM,jo.sfevine,2,6/7/2018,,cec5092b-b380-472e-9f11-95378de0b6a5,Follow The Wine,01 Field Locations,Quails Gate Blocks,,TRUE,6/22/2017
TRUE,TRUE,FALSE,50020190031,8-8 Mannhardt,6/7/2018 7:41:52 AM,jo.sfevine,2,6/7/2018,,c51d342d-65b6-4925-a3cc-ca68201e0925,Follow The Wine,01 Field Locations,Quails Gate Blocks,,TRUE,6/22/2017
TRUE,TRUE,FALSE,50020190096,5-6 Estate Upper,6/6/2018 1:46:28 PM,jo.sfevine,2,6/6/2018,,cf8ce084-a775-498f-ba59-26aecbfbca34,Follow The Wine,01 Field Locations,Quails Gate Blocks,,TRUE,6/22/2017
TRUE,TRUE,FALSE,50020190095,5-5 Estate Upper,6/6/2018 1:45:48 PM,jo.sfevine,2,6/6/2018,,ad6c9c1c-84dc-48e4-9e9c-f7dbca44c397,Follow The Wine,01 Field Locations,Quails Gate Blocks,,TRUE,6/22/2017
TRUE,TRUE,FALSE,50020190078,3-8 Estate,6/6/2018 1:43:24 PM,jo.sfevine,2,6/6/2018,,aaf57aed-7fc2-4d11-9b53-5bfdea3bb80b,Follow The Wine,01 Field Locations,Quails Gate Blocks,,TRUE,6/22/2017
TRUE,TRUE,FALSE,50020190081,4-11 Estate,6/6/2018 1:42:14 PM,jo.sfevine,2,6/6/2018,,9bef5a0f-d60c-436b-b5b4-7d74afa2acc9,Follow The Wine,01 Field Locations,Quails Gate Blocks,,TRUE,6/22/2017
TRUE,TRUE,FALSE,50020190080,4-10 Estate,6/6/2018 1:41:12 PM,jo.sfevine,2,6/6/2018,,797dd579-aa54-4b5a-92c9-61dfb639a756,Follow The Wine,01 Field Locations,Quails Gate Blocks,,TRUE,6/22/2017
TRUE,TRUE,FALSE,50020190089,4-9 Estate,6/6/2018 1:38:53 PM,jo.sfevine,2,6/6/2018,,f14e564b-a106-4cc6-8296-5357aa648586,Follow The Wine,01 Field Locations,Quails Gate Blocks,,TRUE,6/22/2017
TRUE,TRUE,FALSE,50020190077,3-7 Estate,6/6/2018 1:37:47 PM,jo.sfevine,2,6/6/2018,,185fa469-0550-4c5b-851e-503cedd76ab6,Follow The Wine,01 Field Locations,Quails Gate Blocks,,TRUE,6/22/2017
TRUE,TRUE,FALSE,50020190076,3-6 Estate,6/6/2018 1:36:17 PM,jo.sfevine,2,6/6/2018,,69b0e1b0-9ffd-4d88-8aec-20a8a39f83ac,Follow The Wine,01 Field Locations,Quails Gate Blocks,,TRUE,6/22/2017
TRUE,TRUE,FALSE,50020190076,3-6 Estate,6/6/2018 1:35:14 PM,jo.sfevine,2,6/6/2018,,385d2630-5691-4238-b4d1-b3dcd23bf894,Follow The Wine,01 Field Locations,Quails Gate Blocks,,TRUE,6/22/2017
TRUE,TRUE,FALSE,50020190088,4-8 Estate,6/6/2018 1:33:59 PM,jo.sfevine,2,6/6/2018,,6c402a85-de42-4bfa-9c7a-64424a367455,Follow The Wine,01 Field Locations,Quails Gate Blocks,,TRUE,6/22/2017
TRUE,TRUE,FALSE,50020190087,4-7 Estate,6/6/2018 1:32:27 PM,jo.sfevine,2,6/6/2018,,c0b8268e-8826-4f67-9eee-58e9cbe8bde7,Follow The Wine,01 Field Locations,Quails Gate Blocks,,TRUE,6/22/2017
TRUE,TRUE,FALSE,50020190075,3-5 Estate,6/6/2018 1:31:12 PM,jo.sfevine,2,6/6/2018,,00dbe020-acff-4777-a7b6-42a6a8426a53,Follow The Wine,01 Field Locations,Quails Gate Blocks,,TRUE,6/22/2017
TRUE,TRUE,FALSE,50020190071,3-1 Estate,6/6/2018 1:26:03 PM,jo.sfevine,2,6/6/2018,,72553208-7cfd-483d-a8e5-7bc4b880ff0c,Follow The Wine,01 Field Locations,Quails Gate Blocks,,TRUE,6/22/2017
TRUE,TRUE,FALSE,50020190066,2-5 Estate,6/5/2018 2:30:48 PM,judy.sfevine,2,6/4/2018,,23330ec9-f8d9-45e6-b167-3bbf515a5e55,Follow The Wine,01 Field Locations,Quails Gate Blocks,,TRUE,6/22/2017
TRUE,TRUE,FALSE,50020190022,7-4 Mannhardt,6/5/2018 11:47:32 AM,jo.sfevine,2,6/6/2018,,dcc5d9de-cf3b-40c7-9490-69f6d1b53654,Follow The Wine,01 Field Locations,Quails Gate Blocks,,TRUE,6/22/2017
TRUE,TRUE,FALSE,50020190027,8-4 Mannhardt,6/4/2018 11:37:38 AM,judy.sfevine,2,6/4/2018,,4f4ad8bf-fa66-43e7-9f31-2ee34426253a,Follow The Wine,01 Field Locations,Quails Gate Blocks,,TRUE,6/22/2017
TRUE,TRUE,FALSE,50020190079,4-1 Estate • 0.555,6/4/2018 9:53:05 AM,judy.sfevine,2,6/4/2018,,a7e0290e-99df-4331-b908-d8df2bedb9c7,Follow The Wine,01 Field Locations,Quails Gate Blocks,,TRUE,6/22/2017
TRUE,TRUE,FALSE,50020190094,5-4 Estate Upper,6/4/2018 9:47:09 AM,judy.sfevine,2,6/4/2018,,5ba3f7f1-8186-4302-ac21-2fd008067745,Follow The Wine,01 Field Locations,Quails Gate Blocks,,TRUE,6/22/2017
TRUE,TRUE,FALSE,50020190093,5-3 Estate Upper,6/4/2018 9:46:02 AM,judy.sfevine,2,6/4/2018,,e3076790-ecd8-4685-824c-9f0d302c3831,Follow The Wine,01 Field Locations,Quails Gate Blocks,,TRUE,6/22/2017
TRUE,TRUE,FALSE,50020190092,5-2 Estate Upper,6/4/2018 9:45:04 AM,judy.sfevine,2,6/4/2018,,ac609aaf-fa29-4ad8-a7c8-0d47034ddd85,Follow The Wine,01 Field Locations,Quails Gate Blocks,,TRUE,6/22/2017
TRUE,TRUE,FALSE,50020190090,5-1 Estate Upper,6/4/2018 9:43:36 AM,judy.sfevine,2,6/4/2018,,32820557-45ec-4ee3-aa12-a4f5cf604c0c,Follow The Wine,01 Field Locations,Quails Gate Blocks,,TRUE,6/22/2017
TRUE,TRUE,FALSE,50020190055,1-2 Estate • 0.531,6/4/2018 9:01:09 AM,judy.sfevine,2,6/4/2018,,bde082f9-5f58-4988-8540-9af005007e5d,Follow The Wine,01 Field Locations,Quails Gate Blocks,,TRUE,6/22/2017
TRUE,TRUE,FALSE,50020190074,3-4 Estate,6/2/2018 4:36:01 PM,jo.sfevine,2,5/31/2018,,d839792e-41ef-4ae5-97ae-b6196510c973,Follow The Wine,01 Field Locations,Quails Gate Blocks,,TRUE,6/22/2017
TRUE,TRUE,FALSE,50020190072,3-2 Estate,6/2/2018 6:16:47 AM,jo.sfevine,2,5/31/2018,,a0d77627-3723-4be1-808c-00d2b62f3a50,Follow The Wine,01 Field Locations,Quails Gate Blocks,,TRUE,6/22/2017
TRUE,TRUE,FALSE,50020190084,4-4 Estate,5/30/2018 12:58:33 PM,jo.sfevine,2,5/31/2018,,bb72cf27-0a08-430a-b2a7-d2adf8b64cf2,Follow The Wine,01 Field Locations,Quails Gate Blocks,,TRUE,6/22/2017
TRUE,TRUE,FALSE,50020190002,1 Osoyoos • 0.726,5/23/2018 11:03:29 AM,judy.sfevine,2,5/21/2018,,4e9bed0b-bb61-4d56-b3ac-921f1cc9865e,Follow The Wine,01 Field Locations,Quails Gate Blocks,,TRUE,6/22/2017
TRUE,TRUE,FALSE,50020190006,5 Osoyoos • 10.686,5/23/2018 10:59:50 AM,judy.sfevine,2,5/21/2018,,33870477-bc5b-4a6a-a139-762f8686bb48,Follow The Wine,01 Field Locations,Quails Gate Blocks,,TRUE,6/22/2017
TRUE,TRUE,FALSE,50020190007,6 Osoyoos • 25.822,5/23/2018 10:57:38 AM,judy.sfevine,2,5/21/2018,,b6e79b48-df30-40ed-a7d9-0e47fc872907,Follow The Wine,01 Field Locations,Quails Gate Blocks,,TRUE,6/22/2017
TRUE,TRUE,FALSE,50020190048,3 Patricia,5/10/2018 9:48:28 AM,judy.sfevine,1,5/5/2018,,419edb32-0f15-43b5-961d-721ad1da5a5a,Follow The Wine,01 Field Locations,Quails Gate Blocks,,TRUE,6/22/2017
TRUE,TRUE,FALSE,50020190047,2 Patricia,5/10/2018 9:46:33 AM,judy.sfevine,1,5/5/2018,,20c893db-c134-4f31-854f-763548e58eaf,Follow The Wine,01 Field Locations,Quails Gate Blocks,,TRUE,6/22/2017
TRUE,TRUE,FALSE,50020190046,1 Patricia • 20.1074,5/10/2018 9:44:50 AM,judy.sfevine,1,5/5/2018,,f18d7317-0067-48ca-977e-0cf85ea190f7,Follow The Wine,01 Field Locations,Quails Gate Blocks,,TRUE,6/22/2017
TRUE,TRUE,FALSE,50020190044,5 Martyna,5/7/2018 12:42:20 PM,judy.sfevine,1,5/5/2018,,4b6e5cf7-a5bb-4654-a27e-e2da712281ee,Follow The Wine,01 Field Locations,Quails Gate Blocks,,TRUE,6/22/2017
TRUE,TRUE,FALSE,50020190043,4 Martyna • 0.307,5/7/2018 12:41:59 PM,jo.sfevine,1,5/5/2018,,82bc557a-8886-4f4a-98ec-bfb34cb730cb,Follow The Wine,01 Field Locations,Quails Gate Blocks,,TRUE,6/22/2017
TRUE,TRUE,FALSE,50020190042,3 Martyna • 1.275,5/7/2018 12:38:55 PM,jo.sfevine,1,5/5/2018,,91077398-6bd6-4591-a66c-45cb17dedc6e,Follow The Wine,01 Field Locations,Quails Gate Blocks,,TRUE,6/22/2017
TRUE,TRUE,FALSE,50020190041,2 Martyna,5/7/2018 12:36:37 PM,jo.sfevine,1,5/5/2018,,2fb1a7c0-f38a-4cbd-bd9c-32d7562ebe6d,Follow The Wine,01 Field Locations,Quails Gate Blocks,,TRUE,6/22/2017
TRUE,TRUE,FALSE,50020190040,1 Martyna • 1.255,5/7/2018 12:36:23 PM,judy.sfevine,1,5/5/2018,,6dc54a18-c380-43ef-a6eb-ae419b7a7196,Follow The Wine,01 Field Locations,Quails Gate Blocks,,TRUE,6/22/2017
TRUE,TRUE,FALSE,50020190109,8 West Point • 1.440,5/7/2018 12:21:36 PM,judy.sfevine,1,5/3/2018,,d3827e54-c34b-4203-a1fe-e4f0201b3890,Follow The Wine,01 Field Locations,Quails Gate Blocks,,TRUE,6/22/2017
TRUE,TRUE,FALSE,50020190108,7 West Point • 9.431,5/7/2018 12:19:16 PM,judy.sfevine,1,5/3/2018,,6458c434-8232-4108-9011-2def6dd23a2e,Follow The Wine,01 Field Locations,Quails Gate Blocks,,TRUE,6/22/2017
TRUE,TRUE,FALSE,50020190107,5 & 6 West Point • 1.625,5/7/2018 12:17:59 PM,judy.sfevine,1,5/3/2018,,c6f3d801-7a73-4b3a-b128-aac243c1fc08,Follow The Wine,01 Field Locations,Quails Gate Blocks,,TRUE,6/22/2017
TRUE,TRUE,FALSE,50020190107,5 & 6 West Point • 1.625,5/7/2018 12:16:07 PM,judy.sfevine,1,5/3/2018,,b1fb48c2-abc9-4771-9826-85e73ec180da,Follow The Wine,01 Field Locations,Quails Gate Blocks,,TRUE,6/22/2017
TRUE,TRUE,FALSE,50020190106,4 West Point • 7.879,5/7/2018 12:14:44 PM,judy.sfevine,1,5/3/2018,,9f6b570d-a5b1-4d24-8658-5a2b70906549,Follow The Wine,01 Field Locations,Quails Gate Blocks,,TRUE,6/22/2017
TRUE,TRUE,FALSE,50020190105,3 West Point • 0.357,5/7/2018 12:11:03 PM,judy.sfevine,1,5/3/2018,,49fd0d3c-9f20-43b9-9f06-513618a260ac,Follow The Wine,01 Field Locations,Quails Gate Blocks,,TRUE,6/22/2017
TRUE,TRUE,FALSE,50020190104,2 West Point • 3.281,5/7/2018 12:06:50 PM,judy.sfevine,1,5/3/2018,,62d7bda7-13e0-4a21-865b-2dc08063217b,Follow The Wine,01 Field Locations,Quails Gate Blocks,,TRUE,6/22/2017
TRUE,TRUE,FALSE,50020190103,1 West Point • 0.840,5/7/2018 12:00:19 PM,judy.sfevine,1,5/3/2018,,e3984800-9e58-4f05-b1d4-c6ccffd3847b,Follow The Wine,01 Field Locations,Quails Gate Blocks,,TRUE,6/22/2017
TRUE,TRUE,FALSE,50020190070,2-9 Estate,5/5/2018 10:32:53 AM,jo.sfevine,1,5/6/2018,,353d51ab-0199-4e08-ba13-0ea5539812cc,Follow The Wine,01 Field Locations,Quails Gate Blocks,,TRUE,6/22/2017
TRUE,TRUE,FALSE,50020190069,2-8 Estate,5/5/2018 10:31:13 AM,jo.sfevine,1,5/6/2018,,3807b600-60a4-4c63-8738-ac48247adcc8,Follow The Wine,01 Field Locations,Quails Gate Blocks,,TRUE,6/22/2017
TRUE,TRUE,FALSE,50020190068,2-7 Estate,5/5/2018 10:30:17 AM,jo.sfevine,1,5/6/2018,,81f1a88e-86e1-4e22-a2d5-059607bebc3d,Follow The Wine,01 Field Locations,Quails Gate Blocks,,TRUE,6/22/2017
TRUE,TRUE,FALSE,50020190064,2-3 Estate,5/5/2018 10:27:46 AM,jo.sfevine,1,5/5/2018,,5021675e-09a5-45cf-b3fb-1ba0816db2a1,Follow The Wine,01 Field Locations,Quails Gate Blocks,,TRUE,6/22/2017
TRUE,TRUE,FALSE,50020190061,1-7 Estate,5/5/2018 10:26:29 AM,jo.sfevine,1,5/5/2018,,13466969-b1ec-4b45-ae64-fe3dd0c5e5ae,Follow The Wine,01 Field Locations,Quails Gate Blocks,,TRUE,6/22/2017
TRUE,TRUE,FALSE,50020190060,1-6 Estate,5/5/2018 10:25:51 AM,jo.sfevine,1,5/5/2018,,2b1007bf-ab7d-4de6-b61e-e6632d8ce1e9,Follow The Wine,01 Field Locations,Quails Gate Blocks,,TRUE,6/22/2017
TRUE,TRUE,FALSE,50020190063,2-2 Estate,5/5/2018 10:24:59 AM,jo.sfevine,1,5/5/2018,,a67d64ab-d88b-4f7f-adc4-9fee61f9d1be,Follow The Wine,01 Field Locations,Quails Gate Blocks,,TRUE,6/22/2017
TRUE,TRUE,FALSE,50020190058,1-4 Estate • 2.300,5/5/2018 10:22:51 AM,jo.sfevine,1,5/5/2018,,99b9b6f5-8a98-4ee3-bca8-a7f992ceedaf,Follow The Wine,01 Field Locations,Quails Gate Blocks,,TRUE,6/22/2017
TRUE,TRUE,FALSE,50020190099,5-9 Estate,5/4/2018 3:37:44 PM,judy.sfevine,1,5/4/2018,,5e794592-1c3f-4a67-8ce0-e292be6d09c7,Follow The Wine,01 Field Locations,Quails Gate Blocks,,TRUE,6/22/2017
TRUE,TRUE,FALSE,50020190098,5-8 Estate,5/4/2018 3:37:03 PM,judy.sfevine,1,5/4/2018,,22b40935-e9b5-4b31-838e-b2c6338d08c6,Follow The Wine,01 Field Locations,Quails Gate Blocks,,TRUE,6/22/2017
TRUE,TRUE,FALSE,50020190097,5-7 Estate,5/4/2018 3:31:47 PM,judy.sfevine,1,5/4/2018,,c325dd23-1dab-452e-b849-a7083b04b7d0,Follow The Wine,01 Field Locations,Quails Gate Blocks,,TRUE,6/22/2017
TRUE,TRUE,FALSE,50020190096,5-6 Estate Upper,5/4/2018 3:29:55 PM,judy.sfevine,1,5/4/2018,,b5d08fc9-08a2-4965-b29c-f8ffedef1a09,Follow The Wine,01 Field Locations,Quails Gate Blocks,,TRUE,6/22/2017
TRUE,TRUE,FALSE,50020190094,5-4 Estate Upper,5/4/2018 3:29:16 PM,judy.sfevine,1,5/4/2018,,9f6d773a-ea8d-4477-90b5-d6491b88ad81,Follow The Wine,01 Field Locations,Quails Gate Blocks,,TRUE,6/22/2017
TRUE,TRUE,FALSE,50020190093,5-3 Estate Upper,5/4/2018 3:28:14 PM,judy.sfevine,1,5/4/2018,,91203bba-95df-4bac-821b-dcd83867005e,Follow The Wine,01 Field Locations,Quails Gate Blocks,,TRUE,6/22/2017
TRUE,TRUE,FALSE,50020190092,5-2 Estate Upper,5/4/2018 3:27:00 PM,judy.sfevine,1,5/4/2018,,a8638b82-bdd2-4957-999c-8eea8155af0e,Follow The Wine,01 Field Locations,Quails Gate Blocks,,TRUE,6/22/2017
TRUE,TRUE,FALSE,50020190100,6-1 Estate,5/4/2018 3:20:34 PM,judy.sfevine,1,5/4/2018,,86f266bf-013b-4083-8eb3-4a50caaf9192,Follow The Wine,01 Field Locations,Quails Gate Blocks,,TRUE,6/22/2017
TRUE,TRUE,FALSE,50020190101,6-2 Estate,5/4/2018 3:14:09 PM,judy.sfevine,1,5/4/2018,,e226ee7a-3567-4d90-b4cb-f140c027b316,Follow The Wine,01 Field Locations,Quails Gate Blocks,,TRUE,6/22/2017
TRUE,TRUE,FALSE,50020190075,3-5 Estate,5/4/2018 3:11:21 PM,judy.sfevine,1,5/4/2018,,7c778050-7134-4c89-afe2-8f2aefa0667e,Follow The Wine,01 Field Locations,Quails Gate Blocks,,TRUE,6/22/2017
TRUE,TRUE,FALSE,50020190077,3-7 Estate,5/4/2018 3:10:15 PM,judy.sfevine,1,5/4/2018,,c93df265-a4c9-4a25-8a3b-b3c4c527407f,Follow The Wine,01 Field Locations,Quails Gate Blocks,,TRUE,6/22/2017
TRUE,TRUE,FALSE,50020190077,3-7 Estate,5/4/2018 3:09:16 PM,judy.sfevine,1,5/4/2018,,ad305c05-b5eb-44f2-a443-a888e50b6ac7,Follow The Wine,01 Field Locations,Quails Gate Blocks,,TRUE,6/22/2017
TRUE,TRUE,FALSE,50020190078,3-8 Estate,5/4/2018 3:07:02 PM,judy.sfevine,1,5/4/2018,,a842a918-418e-40fd-bc48-0d819753bee2,Follow The Wine,01 Field Locations,Quails Gate Blocks,,TRUE,6/22/2017
TRUE,TRUE,FALSE,50020190081,4-11 Estate,5/4/2018 3:05:31 PM,judy.sfevine,1,5/4/2018,,63a6e422-2576-46a0-a124-e2f87cde8d4b,Follow The Wine,01 Field Locations,Quails Gate Blocks,,TRUE,6/22/2017
TRUE,TRUE,FALSE,50020190080,4-10 Estate,5/4/2018 3:03:06 PM,judy.sfevine,1,5/4/2018,,b7c662ac-961f-4e86-8188-50012dd4aaf0,Follow The Wine,01 Field Locations,Quails Gate Blocks,,TRUE,6/22/2017
TRUE,TRUE,FALSE,50020190089,4-9 Estate,5/4/2018 3:02:01 PM,judy.sfevine,1,5/4/2018,,3a7701ad-3111-4591-8a4f-24f67504d6e9,Follow The Wine,01 Field Locations,Quails Gate Blocks,,TRUE,6/22/2017
TRUE,TRUE,FALSE,50020190088,4-8 Estate,5/4/2018 3:00:49 PM,judy.sfevine,1,5/4/2018,,db607aca-3163-497f-ace3-93397f5eec26,Follow The Wine,01 Field Locations,Quails Gate Blocks,,TRUE,6/22/2017
TRUE,TRUE,FALSE,50020190087,4-7 Estate,5/4/2018 2:59:25 PM,judy.sfevine,1,5/4/2018,,8ba2b334-047a-4508-b590-f03ba4394d5a,Follow The Wine,01 Field Locations,Quails Gate Blocks,,TRUE,6/22/2017
TRUE,TRUE,FALSE,50020190086,4-6 Estate,5/4/2018 2:57:28 PM,judy.sfevine,1,5/4/2018,,959ef056-5922-496e-975c-8e7be1a29ce4,Follow The Wine,01 Field Locations,Quails Gate Blocks,,TRUE,6/22/2017
TRUE,TRUE,FALSE,50020190085,4-5 Estate,5/4/2018 2:54:44 PM,judy.sfevine,1,5/4/2018,,1796f18b-56d8-4448-bbce-ccb22a16f636,Follow The Wine,01 Field Locations,Quails Gate Blocks,,TRUE,6/22/2017
TRUE,TRUE,FALSE,50020190073,3-3 Estate,5/4/2018 2:50:22 PM,judy.sfevine,1,5/4/2018,,0f4c933e-d73f-44f0-a0f1-2dd41c550e68,Follow The Wine,01 Field Locations,Quails Gate Blocks,,TRUE,6/22/2017
TRUE,TRUE,FALSE,50020190083,4-3 Estate,5/4/2018 2:47:58 PM,judy.sfevine,1,5/4/2018,,8cf31631-b2b9-42ca-81f0-b6348bc1278f,Follow The Wine,01 Field Locations,Quails Gate Blocks,,TRUE,6/22/2017
TRUE,TRUE,FALSE,50020190071,3-1 Estate,5/4/2018 2:45:38 PM,judy.sfevine,1,5/4/2018,,c7f00957-8c26-4675-9e3c-28d3214b3425,Follow The Wine,01 Field Locations,Quails Gate Blocks,,TRUE,6/22/2017
TRUE,TRUE,FALSE,50020190082,4-2 Estate,5/4/2018 2:42:36 PM,judy.sfevine,1,5/4/2018,,75994287-4f40-450e-9548-9c17653829b3,Follow The Wine,01 Field Locations,Quails Gate Blocks,,TRUE,6/22/2017
TRUE,TRUE,FALSE,50020190038,9-5 Mannhardt,5/4/2018 2:11:13 PM,judy.sfevine,1,5/5/2018,,76e596d9-b154-46f0-8e33-954cc355d3b8,Follow The Wine,01 Field Locations,Quails Gate Blocks,,TRUE,6/22/2017
TRUE,TRUE,FALSE,50020190025,8-2 Mannhardt,5/4/2018 2:08:37 PM,judy.sfevine,1,5/5/2018,,86550ad5-9482-4f91-9991-363b7e2b56cb,Follow The Wine,01 Field Locations,Quails Gate Blocks,,TRUE,6/22/2017
TRUE,TRUE,FALSE,50020190035,9-2 Mannhardt,5/4/2018 2:06:46 PM,judy.sfevine,1,5/5/2018,,e3b690a1-98d3-41c2-a7dd-6ac3c22fb5e7,Follow The Wine,01 Field Locations,Quails Gate Blocks,,TRUE,6/22/2017
TRUE,TRUE,FALSE,50020190034,9-1 Mannhardt,5/4/2018 2:04:30 PM,judy.sfevine,1,5/5/2018,,d0c6c270-e48b-4f6b-8681-e5b94075bd2a,Follow The Wine,01 Field Locations,Quails Gate Blocks,,TRUE,6/22/2017
TRUE,TRUE,FALSE,50020190024,8-1 Mannhardt,5/4/2018 2:03:21 PM,judy.sfevine,1,5/5/2018,,2376b416-bfde-4a69-9c69-4405741cdb92,Follow The Wine,01 Field Locations,Quails Gate Blocks,,TRUE,6/22/2017
TRUE,TRUE,FALSE,50020190028,8-5 Mannhardt,5/4/2018 11:56:17 AM,judy.sfevine,1,5/5/2018,,fa1ddaae-b0e8-4ec3-b4ab-169d9a1bed97,Follow The Wine,01 Field Locations,Quails Gate Blocks,,TRUE,6/22/2017
TRUE,TRUE,FALSE,50020190029,8-6 Mannhardt,5/4/2018 11:54:05 AM,judy.sfevine,1,5/5/2018,,3035b854-a2e9-48df-917c-a8c727d67376,Follow The Wine,01 Field Locations,Quails Gate Blocks,,TRUE,6/22/2017
TRUE,TRUE,FALSE,50020190030,8-7 Mannhardt,5/4/2018 11:51:55 AM,judy.sfevine,1,5/4/2018,,327cc6a1-92dd-400a-b74d-487c096c62e5,Follow The Wine,01 Field Locations,Quails Gate Blocks,,TRUE,6/22/2017
TRUE,TRUE,FALSE,50020190031,8-8 Mannhardt,5/4/2018 11:50:28 AM,judy.sfevine,1,5/4/2018,,99f79718-6033-4929-af2e-0858656db7c8,Follow The Wine,01 Field Locations,Quails Gate Blocks,,TRUE,6/22/2017
TRUE,TRUE,FALSE,50020190032,8-9 Mannhardt,5/4/2018 11:47:30 AM,judy.sfevine,1,5/4/2018,,f5c463ea-84fc-4daa-afc2-e65981cd02eb,Follow The Wine,01 Field Locations,Quails Gate Blocks,,TRUE,6/22/2017
TRUE,TRUE,FALSE,50020190033,8-10 Mannhardt,5/4/2018 11:44:23 AM,judy.sfevine,1,5/4/2018,,8de84fd2-cbcf-4132-9596-8f9f60bbff88,Follow The Wine,01 Field Locations,Quails Gate Blocks,,TRUE,6/22/2017
TRUE,TRUE,FALSE,50020190023,7-5 Mannhardt,5/4/2018 11:43:34 AM,judy.sfevine,1,5/4/2018,,191101f0-1e13-4a40-a0d7-b38a1f717960,Follow The Wine,01 Field Locations,Quails Gate Blocks,,TRUE,6/22/2017
TRUE,TRUE,FALSE,50020190013,3 Blue Fox,5/4/2018 11:13:29 AM,judy.sfevine,1,5/4/2018,,cea014c9-13ee-4f85-9f56-481b6ae4ca91,Follow The Wine,01 Field Locations,Quails Gate Blocks,,TRUE,6/22/2017
TRUE,TRUE,FALSE,50020190014,4 Blue Fox,5/4/2018 11:11:03 AM,judy.sfevine,1,5/4/2018,,75bf25c3-ff64-484e-9438-c5412ed95b75,Follow The Wine,01 Field Locations,Quails Gate Blocks,,TRUE,6/22/2017
TRUE,TRUE,FALSE,50020190011,1 Blue Fox,5/4/2018 11:08:07 AM,judy.sfevine,1,5/5/2018,,ba53d140-9c58-415c-bc13-8a3c9de242e7,Follow The Wine,01 Field Locations,Quails Gate Blocks,,TRUE,6/22/2017
TRUE,TRUE,FALSE,50020190012,2 Blue Fox,5/4/2018 11:01:40 AM,judy.sfevine,1,5/5/2018,,944dc7bc-4238-474c-8ad5-2c9a7f2502f0,Follow The Wine,01 Field Locations,Quails Gate Blocks,,TRUE,6/22/2017
TRUE,TRUE,FALSE,50020190017,2 Illig,5/4/2018 10:25:08 AM,judy.sfevine,1,5/5/2018,,11be92e2-940e-4d41-af65-2855d3cdc638,Follow The Wine,01 Field Locations,Quails Gate Blocks,,TRUE,6/22/2017
TRUE,TRUE,FALSE,50020190016,1 Illig,5/4/2018 10:16:07 AM,judy.sfevine,1,5/5/2018,,21f4edab-fb70-4f12-9533-bd5aebd016f8,Follow The Wine,01 Field Locations,Quails Gate Blocks,,TRUE,6/22/2017
TRUE,TRUE,FALSE,50020190026,8-3 Mannhardt,5/4/2018 7:41:57 AM,judy.sfevine,1,5/4/2018,,136b8ccd-25e5-4171-b1ea-5e27de947365,Follow The Wine,01 Field Locations,Quails Gate Blocks,,TRUE,6/22/2017
TRUE,TRUE,FALSE,50020190037,9-4 Mannhardt,5/4/2018 7:30:53 AM,judy.sfevine,1,5/4/2018,,13b6017a-5119-4d68-8bb9-9479fc9bfc5c,Follow The Wine,01 Field Locations,Quails Gate Blocks,,TRUE,6/22/2017
TRUE,TRUE,FALSE,50020190022,7-4 Mannhardt,5/3/2018 12:20:51 PM,judy.sfevine,1,5/3/2018,,f5ef66f0-a82d-46b6-9e55-22e737f8dfab,Follow The Wine,01 Field Locations,Quails Gate Blocks,,TRUE,6/22/2017
TRUE,TRUE,FALSE,50020190020,7-2 Mannhardt,5/3/2018 10:36:14 AM,judy.sfevine,1,5/3/2018,,ef7d3da8-002e-4ee8-a2d3-c2c3ed4c5733,Follow The Wine,01 Field Locations,Quails Gate Blocks,,TRUE,6/22/2017
TRUE,TRUE,FALSE,50020190019,7-1 Mannhardt,5/3/2018 10:34:21 AM,judy.sfevine,1,5/3/2018,,9e19b1d9-05fd-43cc-acea-7fd834dfdfb4,Follow The Wine,01 Field Locations,Quails Gate Blocks,,TRUE,6/22/2017
TRUE,TRUE,FALSE,50020190036,9-3 Mannhardt,5/3/2018 8:28:04 AM,jo.sfevine,1,5/3/2018,,64962c0d-4d41-4b04-a347-c0232bc90a50,Follow The Wine,01 Field Locations,Quails Gate Blocks,,TRUE,6/22/2017
TRUE,TRUE,FALSE,50020190059,1-5 Estate,5/2/2018 2:55:42 PM,jo.sfevine,1,5/3/2018,,f2241890-0674-4887-aef1-ea6bce8b548f,Follow The Wine,01 Field Locations,Quails Gate Blocks,,TRUE,6/22/2017
TRUE,TRUE,FALSE,50020190021,7-3 Mannhardt,5/1/2018 2:14:47 PM,jo.sfevine,1,5/3/2018,,aec253ce-1533-4653-96cf-f663e530d5b1,Follow The Wine,01 Field Locations,Quails Gate Blocks,,TRUE,6/22/2017
TRUE,TRUE,FALSE,50020190027,8-4 Mannhardt,5/1/2018 2:11:29 PM,jo.sfevine,1,4/30/2018,,87127d93-2d72-4249-ac04-d177b6436350,Follow The Wine,01 Field Locations,Quails Gate Blocks,,TRUE,6/22/2017
TRUE,TRUE,FALSE,50020190057,1-3 Estate • 0.931,5/1/2018 2:05:37 PM,jo.sfevine,1,5/2/2018,,50ceb8bb-ed86-4774-a1a3-41496c15c930,Follow The Wine,01 Field Locations,Quails Gate Blocks,,TRUE,6/22/2017
TRUE,TRUE,FALSE,50020190055,1-2 Estate • 0.531,5/1/2018 2:02:58 PM,jo.sfevine,1,4/28/2018,,f8b2a62d-e288-4799-94d4-f6d304733bff,Follow The Wine,01 Field Locations,Quails Gate Blocks,,TRUE,6/22/2017
TRUE,TRUE,FALSE,50020190074,3-4 Estate,5/1/2018 1:59:37 PM,jo.sfevine,1,4/30/2018,,3b7369b4-cb4f-4452-98bc-520cb1c6e39b,Follow The Wine,01 Field Locations,Quails Gate Blocks,,TRUE,6/22/2017
TRUE,TRUE,FALSE,50020190072,3-2 Estate,5/1/2018 1:58:40 PM,jo.sfevine,1,4/28/2018,,0b312114-b3cb-45c5-b46c-0455685defc4,Follow The Wine,01 Field Locations,Quails Gate Blocks,,TRUE,6/22/2017
TRUE,TRUE,FALSE,50020190079,4-1 Estate • 0.555,5/1/2018 1:55:15 PM,jo.sfevine,1,4/29/2018,,0651dc44-6a2d-4abc-8a1a-530603c2b305,Follow The Wine,01 Field Locations,Quails Gate Blocks,,TRUE,6/22/2017
TRUE,TRUE,FALSE,50020190084,4-4 Estate,5/1/2018 1:53:27 PM,jo.sfevine,1,4/28/2018,,aa7c3c0d-c682-4a61-8b1b-98e61dd6c511,Follow The Wine,01 Field Locations,Quails Gate Blocks,,TRUE,6/22/2017
TRUE,TRUE,FALSE,50020190067,,5/1/2018 1:41:16 PM,jo.sfevine,1,5/2/2018,,9877b1ff-1494-42c5-938d-637725b232db,Follow The Wine,02 Conveyance,Bins,,TRUE,6/22/2017
TRUE,TRUE,FALSE,50020190065,2-4 Estate,5/1/2018 1:39:22 PM,jo.sfevine,1,4/30/2018,,e8802dd1-ae58-42d8-b4dd-e3a2b3332a08,Follow The Wine,01 Field Locations,Quails Gate Blocks,,TRUE,6/22/2017
TRUE,TRUE,FALSE,50020190062,2-1 Estate,5/1/2018 1:36:39 PM,jo.sfevine,1,5/3/2018,,40c4b42a-5c17-4aa6-9a6c-542100606a9e,Follow The Wine,01 Field Locations,Quails Gate Blocks,,TRUE,6/22/2017
TRUE,TRUE,FALSE,50020190021,7-3 Mannhardt,6/26/2017 3:05:39 PM,jo.sfevine,2,6/23/2017,,00000000-0000-0000-0000-000000000000,Follow The Wine,01 Field Locations,Quails Gate Blocks,,TRUE,6/22/2017
TRUE,TRUE,FALSE,50020190022,7-4 Mannhardt,6/26/2017 3:04:56 PM,jo.sfevine,2,6/22/2017,,00000000-0000-0000-0000-000000000000,Follow The Wine,01 Field Locations,Quails Gate Blocks,,TRUE,6/22/2017
TRUE,TRUE,FALSE,50020190023,7-5 Mannhardt,6/26/2017 3:04:07 PM,jo.sfevine,2,6/21/2017,,00000000-0000-0000-0000-000000000000,Follow The Wine,01 Field Locations,Quails Gate Blocks,,TRUE,6/22/2017
TRUE,TRUE,FALSE,50020190029,8-6 Mannhardt,6/26/2017 3:03:16 PM,jo.sfevine,2,6/24/2017,,00000000-0000-0000-0000-000000000000,Follow The Wine,01 Field Locations,Quails Gate Blocks,,TRUE,6/22/2017
TRUE,TRUE,FALSE,50020190026,8-3 Mannhardt,6/26/2017 3:02:12 PM,jo.sfevine,2,6/23/2017,,00000000-0000-0000-0000-000000000000,Follow The Wine,01 Field Locations,Quails Gate Blocks,,TRUE,6/22/2017
TRUE,TRUE,FALSE,50020190038,9-5 Mannhardt,6/26/2017 2:57:11 PM,jo.sfevine,2,6/24/2017,,00000000-0000-0000-0000-000000000000,Follow The Wine,01 Field Locations,Quails Gate Blocks,,TRUE,6/22/2017
TRUE,TRUE,FALSE,50020190035,9-2 Mannhardt,6/26/2017 2:57:11 PM,jo.sfevine,2,6/24/2017,,00000000-0000-0000-0000-000000000000,Follow The Wine,01 Field Locations,Quails Gate Blocks,,TRUE,6/22/2017
TRUE,TRUE,FALSE,50020190034,9-1 Mannhardt,6/26/2017 2:57:11 PM,jo.sfevine,2,6/24/2017,,00000000-0000-0000-0000-000000000000,Follow The Wine,01 Field Locations,Quails Gate Blocks,,TRUE,6/22/2017
TRUE,TRUE,FALSE,50020190025,8-2 Mannhardt,6/26/2017 2:57:11 PM,jo.sfevine,2,6/24/2017,,00000000-0000-0000-0000-000000000000,Follow The Wine,01 Field Locations,Quails Gate Blocks,,TRUE,6/22/2017
TRUE,TRUE,FALSE,50020190024,8-1 Mannhardt,6/26/2017 2:57:11 PM,jo.sfevine,2,6/24/2017,,00000000-0000-0000-0000-000000000000,Follow The Wine,01 Field Locations,Quails Gate Blocks,,TRUE,6/22/2017
TRUE,TRUE,FALSE,50020190032,8-9 Mannhardt,6/26/2017 2:48:50 PM,jo.sfevine,2,6/20/2017,,00000000-0000-0000-0000-000000000000,Follow The Wine,01 Field Locations,Quails Gate Blocks,,TRUE,6/22/2017
TRUE,TRUE,FALSE,50020190031,8-8 Mannhardt,6/26/2017 2:48:50 PM,jo.sfevine,2,6/20/2017,,00000000-0000-0000-0000-000000000000,Follow The Wine,01 Field Locations,Quails Gate Blocks,,TRUE,6/22/2017
TRUE,TRUE,FALSE,50020190030,8-7 Mannhardt,6/26/2017 2:48:50 PM,jo.sfevine,2,6/20/2017,,00000000-0000-0000-0000-000000000000,Follow The Wine,01 Field Locations,Quails Gate Blocks,,TRUE,6/22/2017
TRUE,TRUE,FALSE,50020190033,8-10 Mannhardt,6/26/2017 2:48:50 PM,jo.sfevine,2,6/20/2017,,00000000-0000-0000-0000-000000000000,Follow The Wine,01 Field Locations,Quails Gate Blocks,,TRUE,6/22/2017
TRUE,TRUE,FALSE,50020190027,8-4 Mannhardt,6/26/2017 2:48:50 PM,jo.sfevine,2,6/20/2017,,00000000-0000-0000-0000-000000000000,Follow The Wine,01 Field Locations,Quails Gate Blocks,,TRUE,6/22/2017
TRUE,TRUE,FALSE,50020190020,7-2 Mannhardt,6/26/2017 2:44:39 PM,jo.sfevine,2,6/25/2017,,00000000-0000-0000-0000-000000000000,Follow The Wine,01 Field Locations,Quails Gate Blocks,,TRUE,6/22/2017
TRUE,TRUE,FALSE,50020190019,7-1 Mannhardt,6/26/2017 2:44:39 PM,jo.sfevine,2,6/25/2017,,00000000-0000-0000-0000-000000000000,Follow The Wine,01 Field Locations,Quails Gate Blocks,,TRUE,6/22/2017
TRUE,TRUE,FALSE,50020190046,1 Patricia • 20.1074,6/26/2017 2:40:22 PM,jo.sfevine,2,6/23/2017,,00000000-0000-0000-0000-000000000000,Follow The Wine,01 Field Locations,Quails Gate Blocks,,TRUE,6/22/2017
TRUE,TRUE,FALSE,50020190049,4 Patricia,6/26/2017 2:40:22 PM,jo.sfevine,2,6/23/2017,,00000000-0000-0000-0000-000000000000,Follow The Wine,01 Field Locations,Quails Gate Blocks,,TRUE,6/22/2017
TRUE,TRUE,FALSE,50020190047,2 Patricia,6/26/2017 2:40:22 PM,jo.sfevine,2,6/23/2017,,00000000-0000-0000-0000-000000000000,Follow The Wine,01 Field Locations,Quails Gate Blocks,,TRUE,6/22/2017
TRUE,TRUE,FALSE,50020190048,3 Patricia,6/26/2017 2:40:22 PM,jo.sfevine,2,6/23/2017,,00000000-0000-0000-0000-000000000000,Follow The Wine,01 Field Locations,Quails Gate Blocks,,TRUE,6/22/2017
TRUE,TRUE,FALSE,50020190011,1 Blue Fox,6/26/2017 2:26:05 PM,jo.sfevine,2,6/26/2017,,00000000-0000-0000-0000-000000000000,Follow The Wine,01 Field Locations,Quails Gate Blocks,,TRUE,6/22/2017
TRUE,TRUE,FALSE,50020190012,2 Blue Fox,6/26/2017 2:25:02 PM,jo.sfevine,2,6/22/2017,,00000000-0000-0000-0000-000000000000,Follow The Wine,01 Field Locations,Quails Gate Blocks,,TRUE,6/22/2017
TRUE,TRUE,FALSE,50020190014,4 Blue Fox,6/26/2017 2:25:02 PM,jo.sfevine,2,6/22/2017,,00000000-0000-0000-0000-000000000000,Follow The Wine,01 Field Locations,Quails Gate Blocks,,TRUE,6/22/2017
TRUE,TRUE,FALSE,50020190015,Illig  • 0 Illig Vineyard,6/26/2017 2:23:34 PM,jo.sfevine,2,6/21/2017,,00000000-0000-0000-0000-000000000000,Follow The Wine,01 Field Locations,Quails Gate Fields,,TRUE,6/23/2017
TRUE,TRUE,FALSE,50020190040,1 Martyna • 1.255,6/26/2017 2:20:52 PM,jo.sfevine,2,6/24/2017,,00000000-0000-0000-0000-000000000000,Follow The Wine,01 Field Locations,Quails Gate Blocks,,TRUE,6/22/2017
TRUE,TRUE,FALSE,50020190041,2 Martyna,6/26/2017 2:20:52 PM,jo.sfevine,2,6/24/2017,,00000000-0000-0000-0000-000000000000,Follow The Wine,01 Field Locations,Quails Gate Blocks,,TRUE,6/22/2017
TRUE,TRUE,FALSE,50020190043,4 Martyna • 0.307,6/26/2017 2:20:52 PM,jo.sfevine,2,6/24/2017,,00000000-0000-0000-0000-000000000000,Follow The Wine,01 Field Locations,Quails Gate Blocks,,TRUE,6/22/2017
TRUE,TRUE,FALSE,50020190044,5 Martyna,6/26/2017 2:20:02 PM,jo.sfevine,2,6/23/2017,,00000000-0000-0000-0000-000000000000,Follow The Wine,01 Field Locations,Quails Gate Blocks,,TRUE,6/22/2017
TRUE,TRUE,FALSE,50020190042,3 Martyna • 1.275,6/26/2017 2:20:02 PM,jo.sfevine,2,6/23/2017,,00000000-0000-0000-0000-000000000000,Follow The Wine,01 Field Locations,Quails Gate Blocks,,TRUE,6/22/2017
TRUE,TRUE,FALSE,50020190061,1-7 Estate,6/26/2017 2:18:27 PM,jo.sfevine,2,6/25/2017,,00000000-0000-0000-0000-000000000000,Follow The Wine,01 Field Locations,Quails Gate Blocks,,TRUE,6/22/2017
TRUE,TRUE,FALSE,50020190061,1-7 Estate,6/26/2017 2:18:27 PM,jo.sfevine,2,6/25/2017,,00000000-0000-0000-0000-000000000000,Follow The Wine,01 Field Locations,Quails Gate Blocks,,TRUE,6/22/2017
TRUE,TRUE,FALSE,50020190099,5-9 Estate,6/26/2017 2:16:42 PM,jo.sfevine,2,6/23/2017,,00000000-0000-0000-0000-000000000000,Follow The Wine,01 Field Locations,Quails Gate Blocks,,TRUE,6/22/2017
TRUE,TRUE,FALSE,50020190098,5-8 Estate,6/26/2017 2:16:42 PM,jo.sfevine,2,6/23/2017,,00000000-0000-0000-0000-000000000000,Follow The Wine,01 Field Locations,Quails Gate Blocks,,TRUE,6/22/2017
TRUE,TRUE,FALSE,50020190097,5-7 Estate,6/26/2017 2:14:48 PM,jo.sfevine,2,6/22/2017,,00000000-0000-0000-0000-000000000000,Follow The Wine,01 Field Locations,Quails Gate Blocks,,TRUE,6/22/2017
TRUE,TRUE,FALSE,50020190086,4-6 Estate,6/26/2017 2:14:48 PM,jo.sfevine,2,6/22/2017,,00000000-0000-0000-0000-000000000000,Follow The Wine,01 Field Locations,Quails Gate Blocks,,TRUE,6/22/2017
TRUE,TRUE,FALSE,50020190085,4-5 Estate,6/26/2017 2:14:48 PM,jo.sfevine,2,6/22/2017,,00000000-0000-0000-0000-000000000000,Follow The Wine,01 Field Locations,Quails Gate Blocks,,TRUE,6/22/2017
TRUE,TRUE,FALSE,50020190082,4-2 Estate,6/26/2017 2:14:48 PM,jo.sfevine,2,6/22/2017,,00000000-0000-0000-0000-000000000000,Follow The Wine,01 Field Locations,Quails Gate Blocks,,TRUE,6/22/2017
TRUE,TRUE,FALSE,50020190089,4-9 Estate,6/26/2017 2:11:49 PM,jo.sfevine,2,6/21/2017,,00000000-0000-0000-0000-000000000000,Follow The Wine,01 Field Locations,Quails Gate Blocks,,TRUE,6/22/2017
TRUE,TRUE,FALSE,50020190088,4-8 Estate,6/26/2017 2:11:49 PM,jo.sfevine,2,6/21/2017,,00000000-0000-0000-0000-000000000000,Follow The Wine,01 Field Locations,Quails Gate Blocks,,TRUE,6/22/2017
TRUE,TRUE,FALSE,50020190087,4-7 Estate,6/26/2017 2:11:49 PM,jo.sfevine,2,6/21/2017,,00000000-0000-0000-0000-000000000000,Follow The Wine,01 Field Locations,Quails Gate Blocks,,TRUE,6/22/2017
TRUE,TRUE,FALSE,50020190080,4-10 Estate,6/26/2017 2:11:49 PM,jo.sfevine,2,6/21/2017,,00000000-0000-0000-0000-000000000000,Follow The Wine,01 Field Locations,Quails Gate Blocks,,TRUE,6/22/2017
TRUE,TRUE,FALSE,50020190081,4-11 Estate,6/26/2017 2:11:49 PM,jo.sfevine,2,6/21/2017,,00000000-0000-0000-0000-000000000000,Follow The Wine,01 Field Locations,Quails Gate Blocks,,TRUE,6/22/2017
TRUE,TRUE,FALSE,50020190094,5-4 Estate Upper,6/26/2017 2:11:49 PM,jo.sfevine,2,6/21/2017,,00000000-0000-0000-0000-000000000000,Follow The Wine,01 Field Locations,Quails Gate Blocks,,TRUE,6/22/2017
TRUE,TRUE,FALSE,50020190093,5-3 Estate Upper,6/26/2017 2:11:49 PM,jo.sfevine,2,6/21/2017,,00000000-0000-0000-0000-000000000000,Follow The Wine,01 Field Locations,Quails Gate Blocks,,TRUE,6/22/2017
TRUE,TRUE,FALSE,50020190092,5-2 Estate Upper,6/26/2017 2:11:49 PM,jo.sfevine,2,6/21/2017,,00000000-0000-0000-0000-000000000000,Follow The Wine,01 Field Locations,Quails Gate Blocks,,TRUE,6/22/2017
TRUE,TRUE,FALSE,50020190090,5-1 Estate Upper,6/26/2017 2:11:49 PM,jo.sfevine,2,6/21/2017,,00000000-0000-0000-0000-000000000000,Follow The Wine,01 Field Locations,Quails Gate Blocks,,TRUE,6/22/2017
TRUE,TRUE,FALSE,50020190083,4-3 Estate,6/26/2017 2:07:02 PM,jo.sfevine,2,6/20/2017,,00000000-0000-0000-0000-000000000000,Follow The Wine,01 Field Locations,Quails Gate Blocks,,TRUE,6/22/2017
TRUE,TRUE,FALSE,50020190079,4-1 Estate • 0.555,6/26/2017 2:07:02 PM,jo.sfevine,2,6/20/2017,,00000000-0000-0000-0000-000000000000,Follow The Wine,01 Field Locations,Quails Gate Blocks,,TRUE,6/22/2017
TRUE,TRUE,FALSE,50020190078,3-8 Estate,6/26/2017 2:07:02 PM,jo.sfevine,2,6/20/2017,,00000000-0000-0000-0000-000000000000,Follow The Wine,01 Field Locations,Quails Gate Blocks,,TRUE,6/22/2017
TRUE,TRUE,FALSE,50020190077,3-7 Estate,6/26/2017 2:07:02 PM,jo.sfevine,2,6/20/2017,,00000000-0000-0000-0000-000000000000,Follow The Wine,01 Field Locations,Quails Gate Blocks,,TRUE,6/22/2017
TRUE,TRUE,FALSE,50020190076,3-6 Estate,6/26/2017 2:07:02 PM,jo.sfevine,2,6/20/2017,,00000000-0000-0000-0000-000000000000,Follow The Wine,01 Field Locations,Quails Gate Blocks,,TRUE,6/22/2017
TRUE,TRUE,FALSE,50020190075,3-5 Estate,6/26/2017 2:07:02 PM,jo.sfevine,2,6/20/2017,,00000000-0000-0000-0000-000000000000,Follow The Wine,01 Field Locations,Quails Gate Blocks,,TRUE,6/22/2017
TRUE,TRUE,FALSE,50020190071,3-1 Estate,6/26/2017 2:07:02 PM,jo.sfevine,2,6/20/2017,,00000000-0000-0000-0000-000000000000,Follow The Wine,01 Field Locations,Quails Gate Blocks,,TRUE,6/22/2017
TRUE,TRUE,FALSE,50020190095,5-5 Estate Upper,6/26/2017 2:07:02 PM,jo.sfevine,2,6/20/2017,,00000000-0000-0000-0000-000000000000,Follow The Wine,01 Field Locations,Quails Gate Blocks,,TRUE,6/22/2017
TRUE,TRUE,FALSE,50020190096,5-6 Estate Upper,6/26/2017 2:07:02 PM,jo.sfevine,2,6/20/2017,,00000000-0000-0000-0000-000000000000,Follow The Wine,01 Field Locations,Quails Gate Blocks,,TRUE,6/22/2017
TRUE,TRUE,FALSE,50020190062,2-1 Estate,6/26/2017 2:07:02 PM,jo.sfevine,2,6/20/2017,,00000000-0000-0000-0000-000000000000,Follow The Wine,01 Field Locations,Quails Gate Blocks,,TRUE,6/22/2017
TRUE,TRUE,FALSE,50020190060,1-6 Estate,6/26/2017 1:57:50 PM,jo.sfevine,2,6/24/2017,,00000000-0000-0000-0000-000000000000,Follow The Wine,01 Field Locations,Quails Gate Blocks,,TRUE,6/22/2017
TRUE,TRUE,FALSE,50020190073,3-3 Estate,6/26/2017 1:57:50 PM,jo.sfevine,2,6/24/2017,,00000000-0000-0000-0000-000000000000,Follow The Wine,01 Field Locations,Quails Gate Blocks,,TRUE,6/22/2017
TRUE,TRUE,FALSE,50020190070,2-9 Estate,6/26/2017 1:57:50 PM,jo.sfevine,2,6/24/2017,,00000000-0000-0000-0000-000000000000,Follow The Wine,01 Field Locations,Quails Gate Blocks,,TRUE,6/22/2017
TRUE,TRUE,FALSE,50020190069,2-8 Estate,6/26/2017 1:57:50 PM,jo.sfevine,2,6/24/2017,,00000000-0000-0000-0000-000000000000,Follow The Wine,01 Field Locations,Quails Gate Blocks,,TRUE,6/22/2017
TRUE,TRUE,FALSE,50020190068,2-7 Estate,6/26/2017 1:57:50 PM,jo.sfevine,2,6/24/2017,,00000000-0000-0000-0000-000000000000,Follow The Wine,01 Field Locations,Quails Gate Blocks,,TRUE,6/22/2017
TRUE,TRUE,FALSE,50020190067,,6/26/2017 1:57:50 PM,jo.sfevine,2,6/24/2017,,00000000-0000-0000-0000-000000000000,Follow The Wine,02 Conveyance,Bins,,TRUE,6/22/2017
TRUE,TRUE,FALSE,50020190063,2-2 Estate,6/26/2017 1:57:50 PM,jo.sfevine,2,6/24/2017,,00000000-0000-0000-0000-000000000000,Follow The Wine,01 Field Locations,Quails Gate Blocks,,TRUE,6/22/2017
TRUE,TRUE,FALSE,50020190058,1-4 Estate • 2.300,6/26/2017 1:57:50 PM,jo.sfevine,2,6/24/2017,,00000000-0000-0000-0000-000000000000,Follow The Wine,01 Field Locations,Quails Gate Blocks,,TRUE,6/22/2017
TRUE,TRUE,FALSE,50020190074,3-4 Estate,6/26/2017 1:51:53 PM,jo.sfevine,2,6/19/2017,,00000000-0000-0000-0000-000000000000,Follow The Wine,01 Field Locations,Quails Gate Blocks,,TRUE,6/22/2017
TRUE,TRUE,FALSE,50020190057,1-3 Estate • 0.931,6/26/2017 1:51:53 PM,jo.sfevine,2,6/19/2017,,00000000-0000-0000-0000-000000000000,Follow The Wine,01 Field Locations,Quails Gate Blocks,,TRUE,6/22/2017
TRUE,TRUE,FALSE,50020190003,2 Osoyoos • 11.9928,6/26/2017 11:28:18 AM,jo.sfevine,2,6/12/2017,,00000000-0000-0000-0000-000000000000,Follow The Wine,01 Field Locations,Quails Gate Blocks,,TRUE,6/22/2017
TRUE,TRUE,FALSE,50020190006,5 Osoyoos • 10.686,6/26/2017 11:26:54 AM,jo.sfevine,2,6/2/2017,,00000000-0000-0000-0000-000000000000,Follow The Wine,01 Field Locations,Quails Gate Blocks,,TRUE,6/22/2017
TRUE,TRUE,FALSE,50020190002,1 Osoyoos • 0.726,6/26/2017 11:26:54 AM,jo.sfevine,2,6/2/2017,,00000000-0000-0000-0000-000000000000,Follow The Wine,01 Field Locations,Quails Gate Blocks,,TRUE,6/22/2017
TRUE,TRUE,FALSE,50020190005,4 Osoyoos • 0.557,6/26/2017 11:26:54 AM,jo.sfevine,2,6/2/2017,,00000000-0000-0000-0000-000000000000,Follow The Wine,01 Field Locations,Quails Gate Blocks,,TRUE,6/22/2017
TRUE,TRUE,FALSE,50020190084,4-4 Estate,6/26/2017 11:24:38 AM,jo.sfevine,2,6/10/2017,,00000000-0000-0000-0000-000000000000,Follow The Wine,01 Field Locations,Quails Gate Blocks,,TRUE,6/22/2017
TRUE,TRUE,FALSE,50020190072,3-2 Estate,6/26/2017 11:24:38 AM,jo.sfevine,2,6/10/2017,,00000000-0000-0000-0000-000000000000,Follow The Wine,01 Field Locations,Quails Gate Blocks,,TRUE,6/22/2017
TRUE,TRUE,FALSE,50020190015,Illig  • 0 Illig Vineyard,5/10/2017 1:29:38 PM,jo.sfevine,,5/10/2017,"Some vines are behind, possible Winter injury",00000000-0000-0000-0000-000000000000,Follow The Wine,01 Field Locations,Quails Gate Fields,,TRUE,6/23/2017
TRUE,TRUE,FALSE,50020190015,Illig  • 0 Illig Vineyard,5/10/2017 1:23:51 PM,kellyb.sfevine,,,,00000000-0000-0000-0000-000000000000,Follow The Wine,01 Field Locations,Quails Gate Fields,,TRUE,6/23/2017
TRUE,TRUE,FALSE,50020190015,Illig  • 0 Illig Vineyard,5/10/2017 1:22:53 PM,kellyb.sfevine,,,,00000000-0000-0000-0000-000000000000,Follow The Wine,01 Field Locations,Quails Gate Fields,,TRUE,6/23/2017